Messzeit,Produktion (kW),Ins Gebäude (kW),Ins Netz (kW),Zum Speicher (kW),Verbrauch (kW),Aus PV-Energie (kW),Vom Netz (kW),Vom Speicher (kW)
2026-01-01 00:00:00,0.3125813,0.6278093754,1.4783223e-05,0.0,0.6278093754,0.3125813,0.0,0.0
2026-01-01 00:15:00,0.34810135,0.700829053,4.7340393e-05,0.0,0.700829053,0.34810135,0.0,0.0
2026-01-01 00:30:00,0.43671808,0.8707604174,0.0019255015,0.0,0.8707604174,0.43671808,0.0,0.0
2026-01-01 00:45:00,0.3193016,0.6364351923,0.0026018344999999,0.0,0.6364351923,0.3193016,0.0,0.0
2026-01-01 01:00:00,0.30095004,0.60153515,0.0022949524,0.0,0.60153515,0.30095004,0.0,0.0
2026-01-01 01:15:00,0.3220589,0.6448958332,0.0011155218,0.0,0.6448958332,0.3220589,0.0,0.0
2026-01-01 01:30:00,0.42875418,0.8642423985000001,0.0,0.0,0.8642423985000001,0.42875418,0.0,0.0
2026-01-01 01:45:00,0.4094643599999999,0.8199645337000001,0.0007666728,0.0,0.8199645337000001,0.4094643599999999,0.0,0.0
2026-01-01 02:00:00,1.1717701,2.3425108225,0.001201088,0.0,2.3425108225,1.1717701,0.0,0.0
2026-01-01 02:15:00,0.2919334999999999,0.5869925551999999,0.0016122055,0.0,0.5869925551999999,0.2919334999999999,0.0,0.0
2026-01-01 02:30:00,0.4210035,0.8488879895,0.0,0.0,0.8488879895,0.4210035,0.0,0.0
2026-01-01 02:45:00,0.33212122,0.6731728666,0.0,0.0,0.6731728666,0.33212122,0.0,0.0
2026-01-01 03:00:00,0.28221423,0.5646330524000001,0.0010166626,0.0,0.5646330524000001,0.28221423,0.0,0.0
2026-01-01 03:15:00,0.0,0.6270395999999999,0.0,0.0,0.6270395999999999,0.0,0.0,0.0
2026-01-01 03:30:00,0.0,0.70697772,0.0,0.0,0.70697772,0.0,0.0,0.0
2026-01-01 03:45:00,0.0,0.65923376,0.0,0.0,0.65923376,0.0,0.0,0.0
2026-01-01 04:00:00,0.0,0.552559,0.0,0.0,0.552559,0.0,0.0,0.0
2026-01-01 04:15:00,0.0,0.62758734,0.0,0.0,0.62758734,0.0,0.0,0.0
2026-01-01 04:30:00,0.0,0.71900268,0.0,0.0,0.71900268,0.0,0.0,0.0
2026-01-01 04:45:00,0.0,0.64866175,0.0,0.0,0.64866175,0.0,0.0,0.0
2026-01-01 05:00:00,0.0,0.5521446,0.0,0.0,0.5521446,0.0,0.0,0.0
2026-01-01 05:15:00,0.0,0.68340936,0.0,0.0,0.68340936,0.0,0.0,0.0
2026-01-01 05:30:00,0.0,0.64720228,0.0,0.0,0.64720228,0.0,0.0,0.0
2026-01-01 05:45:00,0.0,0.68727112,0.0,0.0,0.68727112,0.0,0.0,0.0
2026-01-01 06:00:00,0.0,0.6186951199999999,0.0,0.0,0.6186951199999999,0.0,0.0,0.0
2026-01-01 06:15:00,0.0,0.64997126,0.0,0.0,0.64997126,0.0,0.0,0.0
2026-01-01 06:30:00,0.0,0.99253217,0.0,0.0,0.99253217,0.0,0.0,0.0
2026-01-01 06:45:00,0.0,1.05602018,0.0,0.0,1.05602018,0.0,0.0,0.0
2026-01-01 07:00:00,0.0,0.60744794,0.0,0.0,0.60744794,0.0,0.0,0.0
2026-01-01 07:15:00,0.0,0.6484211400000001,0.0,0.0,0.6484211400000001,0.0,0.0,0.0
2026-01-01 07:30:00,0.0,0.6414350600000001,0.0,0.0,0.6414350600000001,0.0,0.0,0.0
2026-01-01 07:45:00,0.0,0.68492328,0.0,0.0,0.68492328,0.0,0.0,0.0
2026-01-01 08:00:00,0.0,0.84371631,0.0,0.0,0.84371631,0.0,0.0,0.0
2026-01-01 08:15:00,0.054759754,0.8271930839999999,0.0,0.0,0.8271930839999999,0.054759754,0.0,0.0
2026-01-01 08:30:00,0.25014143,0.712912905,0.0,0.0,0.712912905,0.25014143,0.0,0.0
2026-01-01 08:45:00,0.34784442,0.7016976932000001,0.00050474805,0.0,0.7016976932000001,0.34784442,0.0,0.0
2026-01-01 09:00:00,0.5666584,0.6714631393,0.23197978,0.0,0.6714631393,0.5666584,0.0,0.0
2026-01-01 09:15:00,0.3095806299999999,0.61076008,0.0042005997,0.0,0.61076008,0.3095806299999999,0.0,0.0
2026-01-01 09:30:00,0.29617123,0.58443316,0.0039546497,0.0,0.58443316,0.29617123,0.0,0.0
2026-01-01 09:45:00,0.31761276,0.701026267,0.004582592,0.0,0.701026267,0.31761276,0.0,0.0
2026-01-01 10:00:00,0.3150334199999999,0.6395632440000001,0.00475119,0.0,0.6395632440000001,0.3150334199999999,0.0,0.0
2026-01-01 10:15:00,0.3086525,0.653836122,0.0,0.0,0.653836122,0.3086525,0.0,0.0
2026-01-01 10:30:00,0.3123358,0.715869155,0.0,0.0,0.715869155,0.3123358,0.0,0.0
2026-01-01 10:45:00,0.9909519,0.725429959,0.6421520000000001,0.0,0.725429959,0.9909519,0.0,0.0
2026-01-01 11:00:00,5.34111,9.5554439,0.595778,0.0,9.5554439,5.34111,0.0,0.0
2026-01-01 11:15:00,6.9995713,13.97292568,0.019004013,0.0,13.97292568,6.9995713,0.0,0.0
2026-01-01 11:30:00,7.0216323,13.9745350724,0.03992621,0.0,13.9745350724,7.0216323,0.0,0.0
2026-01-01 11:45:00,7.8483335,16.5862562,0.01173954,0.0,16.5862562,7.8483335,0.0,0.0
2026-01-01 12:00:00,7.5636997,14.252615271,0.44158734,0.0,14.252615271,7.5636997,0.0,0.0
2026-01-01 12:15:00,7.1545884,14.25811,0.025532864,0.0,14.25811,7.1545884,0.0,0.0
2026-01-01 12:30:00,7.0593516,14.031099471313,0.043819473,0.0,14.031099471313,7.0593516,0.0,0.0
2026-01-01 12:45:00,7.123123499999999,14.245627016,0.008135379,0.0,14.245627016,7.123123499999999,0.0,0.0
2026-01-01 13:00:00,7.1734404000000005,15.31098647,0.0,0.0,15.31098647,7.1734404000000005,0.0,0.0
2026-01-01 13:15:00,4.853493,9.747535687,0.0,0.0,9.747535687,4.853493,0.0,0.0
2026-01-01 13:30:00,0.31371802,0.6439137720000001,0.0,0.0,0.6439137720000001,0.31371802,0.0,0.0
2026-01-01 13:45:00,0.9597429,1.932945829,0.0032087238,0.0,1.932945829,0.9597429,0.0,0.0
2026-01-01 14:00:00,2.004405,4.003798992,0.01036,0.0,4.003798992,2.004405,0.0,0.0
2026-01-01 14:15:00,0.958325,1.926086736,0.0020455321999999,0.0,1.926086736,0.958325,0.0,0.0
2026-01-01 14:30:00,1.0773195,2.1325312582,0.013441643,0.0,2.1325312582,1.0773195,0.0,0.0
2026-01-01 14:45:00,1.1817971,2.3734894384,0.0,0.0,2.3734894384,1.1817971,0.0,0.0
2026-01-01 15:00:00,1.9362004,3.8744876417,0.001863533,0.0,3.8744876417,1.9362004,0.0,0.0
2026-01-01 15:15:00,0.43774722,0.8753311055999999,0.0016549084999999,0.0,0.8753311055999999,0.43774722,0.0,0.0
2026-01-01 15:30:00,0.42476602,1.77333816,0.00021041107,0.0,1.77333816,0.42476602,0.0,0.0
2026-01-01 15:45:00,2.682276,5.71978661,0.0039589844,0.0,5.71978661,2.682276,0.0,0.0
2026-01-01 16:00:00,0.5428470999999999,1.091452234,0.0,0.0,1.091452234,0.5428470999999999,0.0,0.0
2026-01-01 16:15:00,0.39150714,0.794962748,0.0,0.0,0.794962748,0.39150714,0.0,0.0
2026-01-01 16:30:00,0.4083181,0.8136424356999999,0.003841151,0.0,0.8136424356999999,0.4083181,0.0,0.0
2026-01-01 16:45:00,0.43762955,0.8761174869999999,0.0021835525,0.0,0.8761174869999999,0.43762955,0.0,0.0
2026-01-01 17:00:00,0.4599486,0.919370679,0.0026602242,0.0,0.919370679,0.4599486,0.0,0.0
2026-01-01 17:15:00,0.35833713,0.71685045358,0.0001167780499999,0.0,0.71685045358,0.35833713,0.0,0.0
2026-01-01 17:30:00,0.4186781599999999,0.8370648192,0.0017121061,0.0,0.8370648192,0.4186781599999999,0.0,0.0
2026-01-01 17:45:00,0.49251932,0.9791265133,0.006682667,0.0,0.9791265133,0.49251932,0.0,0.0
2026-01-01 18:00:00,0.5206272000000001,1.04030250123,0.00062137413,0.0,1.04030250123,0.5206272000000001,0.0,0.0
2026-01-01 18:15:00,0.5365611,1.0764947768,0.0,0.0,1.0764947768,0.5365611,0.0,0.0
2026-01-01 18:30:00,0.42987756,0.8570677047499999,0.0018735352,0.0,0.8570677047499999,0.42987756,0.0,0.0
2026-01-01 18:45:00,0.56980475,1.13975414506,0.00035466895,0.0,1.13975414506,0.56980475,0.0,0.0
2026-01-01 19:00:00,1.9556144,3.8937778178,0.0098642579999999,0.0,3.8937778178,1.9556144,0.0,0.0
2026-01-01 19:15:00,2.5340938,5.0144384,0.026874472,0.0,5.0144384,2.5340938,0.0,0.0
2026-01-01 19:30:00,0.35479306,0.7080689007,0.0026000443,0.0,0.7080689007,0.35479306,0.0,0.0
2026-01-01 19:45:00,0.53569946,1.119991077,0.00068932724,0.0,1.119991077,0.53569946,0.0,0.0
2026-01-01 20:00:00,0.45609863,0.916594235,0.0002508799,0.0,0.916594235,0.45609863,0.0,0.0
2026-01-01 20:15:00,1.3554248,2.814572542,0.00025058493,0.0,2.814572542,1.3554248,0.0,0.0
2026-01-01 20:30:00,0.36768878,0.7378711099999999,0.0007916158,0.0,0.7378711099999999,0.36768878,0.0,0.0
2026-01-01 20:45:00,0.4168079,0.839844198,0.0,0.0,0.839844198,0.4168079,0.0,0.0
2026-01-01 21:00:00,0.48181226,0.9627738573,0.0020455692,0.0,0.9627738573,0.48181226,0.0,0.0
2026-01-01 21:15:00,0.35745645,0.7134273338,0.0028949764,0.0,0.7134273338,0.35745645,0.0,0.0
2026-01-01 21:30:00,0.3316709,0.6601622281,0.0024372685,0.0,0.6601622281,0.3316709,0.0,0.0
2026-01-01 21:45:00,1.0828126,2.1641454919000003,0.0012638067,0.0,2.1641454919000003,1.0828126,0.0,0.0
2026-01-01 22:00:00,0.44067874,0.88516251,0.00015336482,0.0,0.88516251,0.44067874,0.0,0.0
2026-01-01 22:15:00,0.3297361,0.6632479321,0.0,0.0,0.6632479321,0.3297361,0.0,0.0
2026-01-01 22:30:00,0.0,0.7094065,0.0,0.0,0.7094065,0.0,0.0,0.0
2026-01-01 22:45:00,0.0,0.9869834,0.0,0.0,0.9869834,0.0,0.0,0.0
2026-01-01 23:00:00,0.0,0.91158832,0.0,0.0,0.91158832,0.0,0.0,0.0
2026-01-01 23:15:00,0.0,0.7368539399999999,0.0,0.0,0.7368539399999999,0.0,0.0,0.0
2026-01-01 23:30:00,0.0,0.7024064,0.0,0.0,0.7024064,0.0,0.0,0.0
2026-01-01 23:45:00,0.0,0.7054978599999999,0.0,0.0,0.7054978599999999,0.0,0.0,0.0
2026-01-02 00:00:00,0.0,0.7924678,0.0,0.0,0.7924678,0.0,0.0,0.0
2026-01-02 00:15:00,0.0,0.5935238,0.0,0.0,0.5935238,0.0,0.0,0.0
2026-01-02 00:30:00,0.0,0.6157336,0.0,0.0,0.6157336,0.0,0.0,0.0
2026-01-02 00:45:00,0.0,0.6842779,0.0,0.0,0.6842779,0.0,0.0,0.0
2026-01-02 01:00:00,0.0,0.67843952,0.0,0.0,0.67843952,0.0,0.0,0.0
2026-01-02 01:15:00,0.0,0.63329194,0.0,0.0,0.63329194,0.0,0.0,0.0
2026-01-02 01:30:00,0.0,0.5743581,0.0,0.0,0.5743581,0.0,0.0,0.0
2026-01-02 01:45:00,0.0,1.09640666,0.0,0.0,1.09640666,0.0,0.0,0.0
2026-01-02 02:00:00,0.0,1.07043747,0.0,0.0,1.07043747,0.0,0.0,0.0
2026-01-02 02:15:00,0.0,0.6609948699999999,0.0,0.0,0.6609948699999999,0.0,0.0,0.0
2026-01-02 02:30:00,0.0,0.6046686,0.0,0.0,0.6046686,0.0,0.0,0.0
2026-01-02 02:45:00,0.0,0.663304,0.0,0.0,0.663304,0.0,0.0,0.0
2026-01-02 03:00:00,0.0,0.68381916,0.0,0.0,0.68381916,0.0,0.0,0.0
2026-01-02 03:15:00,0.0,0.6296215999999999,0.0,0.0,0.6296215999999999,0.0,0.0,0.0
2026-01-02 03:30:00,0.0,0.6285126400000001,0.0,0.0,0.6285126400000001,0.0,0.0,0.0
2026-01-02 03:45:00,0.0,0.673091,0.0,0.0,0.673091,0.0,0.0,0.0
2026-01-02 04:00:00,0.0,0.6642254000000001,0.0,0.0,0.6642254000000001,0.0,0.0,0.0
2026-01-02 04:15:00,0.0,0.65856092,0.0,0.0,0.65856092,0.0,0.0,0.0
2026-01-02 04:30:00,0.0,0.59727032,0.0,0.0,0.59727032,0.0,0.0,0.0
2026-01-02 04:45:00,0.0,0.72172174,0.0,0.0,0.72172174,0.0,0.0,0.0
2026-01-02 05:00:00,0.0,0.63941968,0.0,0.0,0.63941968,0.0,0.0,0.0
2026-01-02 05:15:00,0.0,0.6792107,0.0,0.0,0.6792107,0.0,0.0,0.0
2026-01-02 05:30:00,0.0,0.637288,0.0,0.0,0.637288,0.0,0.0,0.0
2026-01-02 05:45:00,0.0,0.6362636,0.0,0.0,0.6362636,0.0,0.0,0.0
2026-01-02 06:00:00,0.0,0.70544556,0.0,0.0,0.70544556,0.0,0.0,0.0
2026-01-02 06:15:00,0.0,0.69765124,0.0,0.0,0.69765124,0.0,0.0,0.0
2026-01-02 06:30:00,0.0,1.0340602,0.0,0.0,1.0340602,0.0,0.0,0.0
2026-01-02 06:45:00,0.0,0.68708148,0.0,0.0,0.68708148,0.0,0.0,0.0
2026-01-02 07:00:00,0.0,1.657861,0.0,0.0,1.657861,0.0,0.0,0.0
2026-01-02 07:15:00,0.0,2.3114026,0.0,0.0,2.3114026,0.0,0.0,0.0
2026-01-02 07:30:00,0.0,1.8733833,0.0,0.0,1.8733833,0.0,0.0,0.0
2026-01-02 07:45:00,0.0,4.158294,0.0,0.0,4.158294,0.0,0.0,0.0
2026-01-02 08:00:00,0.0,1.30886512,0.0,0.0,1.30886512,0.0,0.0,0.0
2026-01-02 08:15:00,0.0,1.4822981,0.0,0.0,1.4822981,0.0,0.0,0.0
2026-01-02 08:30:00,0.0,1.2240909999999998,0.0,0.0,1.2240909999999998,0.0,0.0,0.0
2026-01-02 08:45:00,0.0,1.71367468,0.0,0.0,1.71367468,0.0,0.0,0.0
2026-01-02 09:00:00,0.0,0.8947431499999999,0.0,0.0,0.8947431499999999,0.0,0.0,0.0
2026-01-02 09:15:00,0.0666649,0.8628948000000001,0.0,0.0,0.8628948000000001,0.0666649,0.0,0.0
2026-01-02 09:30:00,0.1468039,0.68104804,0.0,0.0,0.68104804,0.1468039,0.0,0.0
2026-01-02 09:45:00,0.17448126,0.6551445300000001,0.0,0.0,0.6551445300000001,0.17448126,0.0,0.0
2026-01-02 10:00:00,0.11106035,0.51749574,0.0,0.0,0.51749574,0.11106035,0.0,0.0
2026-01-02 10:15:00,0.23518184,0.64565772,0.0,0.0,0.64565772,0.23518184,0.0,0.0
2026-01-02 10:30:00,0.19754846,0.73754961,0.0,0.0,0.73754961,0.19754846,0.0,0.0
2026-01-02 10:45:00,0.22799153,0.5820469859999999,0.0,0.0,0.5820469859999999,0.22799153,0.0,0.0
2026-01-02 11:00:00,0.27984674,0.570046443,0.008828738,0.0,0.570046443,0.27984674,0.0,0.0
2026-01-02 11:15:00,0.29482208,0.63319989,0.013603221,0.0,0.63319989,0.29482208,0.0,0.0
2026-01-02 11:30:00,0.3333538,0.84012061,0.0,0.0,0.84012061,0.3333538,0.0,0.0
2026-01-02 11:45:00,0.25272247,0.54330541,0.0019305826,0.0,0.54330541,0.25272247,0.0,0.0
2026-01-02 12:00:00,0.2904323,0.5661905700000001,0.009655296,0.0,0.5661905700000001,0.2904323,0.0,0.0
2026-01-02 12:15:00,0.2837482999999999,0.64465861,0.005585813,0.0,0.64465861,0.2837482999999999,0.0,0.0
2026-01-02 12:30:00,0.27554794,0.77526373,0.0,0.0,0.77526373,0.27554794,0.0,0.0
2026-01-02 12:45:00,0.34731512,0.573168477,0.06406251,0.0,0.573168477,0.34731512,0.0,0.0
2026-01-02 13:00:00,0.25860724,0.5250458273,0.0,0.0,0.5250458273,0.25860724,0.0,0.0
2026-01-02 13:15:00,0.40115375,0.6374880218,0.084895996,0.0,0.6374880218,0.40115375,0.0,0.0
2026-01-02 13:30:00,0.37826202,0.7495119347,0.004618135,0.0,0.7495119347,0.37826202,0.0,0.0
2026-01-02 13:45:00,0.29830063,0.5951595988799999,0.0009557324,0.0,0.5951595988799999,0.29830063,0.0,0.0
2026-01-02 14:00:00,0.28370898,0.569211171,0.0012091521999999,0.0,0.569211171,0.28370898,0.0,0.0
2026-01-02 14:15:00,0.3114689599999999,0.6242054533,0.00035167947,0.0,0.6242054533,0.3114689599999999,0.0,0.0
2026-01-02 14:30:00,0.40726236,0.80731042466,0.0045761694999999,0.0,0.80731042466,0.40726236,0.0,0.0
2026-01-02 14:45:00,0.3122761,0.62536962717,0.00030912018,0.0,0.62536962717,0.3122761,0.0,0.0
2026-01-02 15:00:00,0.28205347,0.5695683564,0.0007129186,0.0,0.5695683564,0.28205347,0.0,0.0
2026-01-02 15:15:00,0.31838342,0.6386717546999999,0.0014098562,0.0,0.6386717546999999,0.31838342,0.0,0.0
2026-01-02 15:30:00,0.34291983,0.6983284057,0.0,0.0,0.6983284057,0.34291983,0.0,0.0
2026-01-02 15:45:00,0.3225422,0.7026320859999999,0.00054342395,0.0,0.7026320859999999,0.3225422,0.0,0.0
2026-01-02 16:00:00,0.23074745,0.398366929,0.03336943,0.0,0.398366929,0.23074745,0.0,0.0
2026-01-02 16:15:00,0.2505229,0.5109684023000001,0.0,0.0,0.5109684023000001,0.2505229,0.0,0.0
2026-01-02 16:30:00,0.3168921,0.634583681,0.002574506,0.0,0.634583681,0.3168921,0.0,0.0
2026-01-02 16:45:00,0.3542889,0.7087908042,0.0014428596,0.0,0.7087908042,0.3542889,0.0,0.0
2026-01-02 17:00:00,0.28217365,0.5662184295,0.0018261973,0.0,0.5662184295,0.28217365,0.0,0.0
2026-01-02 17:15:00,0.3292094,0.6608221962999999,0.00048578134,0.0,0.6608221962999999,0.3292094,0.0,0.0
2026-01-02 17:30:00,0.28944052,0.5778282509000001,0.0017694483,0.0,0.5778282509000001,0.28944052,0.0,0.0
2026-01-02 17:45:00,0.35645676,0.7245167050000001,0.0004108162,0.0,0.7245167050000001,0.35645676,0.0,0.0
2026-01-02 18:00:00,0.3005460499999999,0.5974866165399999,0.0024952087,0.0,0.5974866165399999,0.3005460499999999,0.0,0.0
2026-01-02 18:15:00,0.24559586,0.714522404,0.0,0.0,0.714522404,0.24559586,0.0,0.0
2026-01-02 18:30:00,0.0,0.53851776,0.0,0.0,0.53851776,0.0,0.0,0.0
2026-01-02 18:45:00,0.0,0.6210954200000001,0.0,0.0,0.6210954200000001,0.0,0.0,0.0
2026-01-02 19:00:00,0.0,0.76759705,0.0,0.0,0.76759705,0.0,0.0,0.0
2026-01-02 19:15:00,0.0,0.64614472,0.0,0.0,0.64614472,0.0,0.0,0.0
2026-01-02 19:30:00,0.0,0.6227884,0.0,0.0,0.6227884,0.0,0.0,0.0
2026-01-02 19:45:00,0.0,0.5483905,0.0,0.0,0.5483905,0.0,0.0,0.0
2026-01-02 20:00:00,0.0,0.70977088,0.0,0.0,0.70977088,0.0,0.0,0.0
2026-01-02 20:15:00,0.0,0.6584931,0.0,0.0,0.6584931,0.0,0.0,0.0
2026-01-02 20:30:00,0.0,0.55342272,0.0,0.0,0.55342272,0.0,0.0,0.0
2026-01-02 20:45:00,0.0,0.5296608,0.0,0.0,0.5296608,0.0,0.0,0.0
2026-01-02 21:00:00,0.0,0.66091944,0.0,0.0,0.66091944,0.0,0.0,0.0
2026-01-02 21:15:00,0.0,0.7373584,0.0,0.0,0.7373584,0.0,0.0,0.0
2026-01-02 21:30:00,0.0,0.55922974,0.0,0.0,0.55922974,0.0,0.0,0.0
2026-01-02 21:45:00,0.0,0.63581952,0.0,0.0,0.63581952,0.0,0.0,0.0
2026-01-02 22:00:00,0.0,0.75976026,0.0,0.0,0.75976026,0.0,0.0,0.0
2026-01-02 22:15:00,0.0,0.71325274,0.0,0.0,0.71325274,0.0,0.0,0.0
2026-01-02 22:30:00,0.0,0.59968768,0.0,0.0,0.59968768,0.0,0.0,0.0
2026-01-02 22:45:00,0.0,0.5513863999999999,0.0,0.0,0.5513863999999999,0.0,0.0,0.0
2026-01-02 23:00:00,0.0,0.7920155600000001,0.0,0.0,0.7920155600000001,0.0,0.0,0.0
2026-01-02 23:15:00,0.0,0.6943838600000001,0.0,0.0,0.6943838600000001,0.0,0.0,0.0
2026-01-02 23:30:00,0.0,0.58893836,0.0,0.0,0.58893836,0.0,0.0,0.0
2026-01-02 23:45:00,0.0,0.55522614,0.0,0.0,0.55522614,0.0,0.0,0.0
2026-01-03 00:00:00,0.0,0.7462724,0.0,0.0,0.7462724,0.0,0.0,0.0
2026-01-03 00:15:00,0.0,0.72724316,0.0,0.0,0.72724316,0.0,0.0,0.0
2026-01-03 00:30:00,0.0,0.54558306,0.0,0.0,0.54558306,0.0,0.0,0.0
2026-01-03 00:45:00,0.0,0.62118366,0.0,0.0,0.62118366,0.0,0.0,0.0
2026-01-03 01:00:00,0.0,0.6802802,0.0,0.0,0.6802802,0.0,0.0,0.0
2026-01-03 01:15:00,0.0,0.71868726,0.0,0.0,0.71868726,0.0,0.0,0.0
2026-01-03 01:30:00,0.0,0.55375964,0.0,0.0,0.55375964,0.0,0.0,0.0
2026-01-03 01:45:00,0.0,0.5776541999999999,0.0,0.0,0.5776541999999999,0.0,0.0,0.0
2026-01-03 02:00:00,0.0,0.7217268,0.0,0.0,0.7217268,0.0,0.0,0.0
2026-01-03 02:15:00,0.0,0.7563192,0.0,0.0,0.7563192,0.0,0.0,0.0
2026-01-03 02:30:00,0.0,0.57376226,0.0,0.0,0.57376226,0.0,0.0,0.0
2026-01-03 02:45:00,0.0,0.5348940999999999,0.0,0.0,0.5348940999999999,0.0,0.0,0.0
2026-01-03 03:00:00,0.0,0.7031413599999999,0.0,0.0,0.7031413599999999,0.0,0.0,0.0
2026-01-03 03:15:00,0.0,0.7209213200000001,0.0,0.0,0.7209213200000001,0.0,0.0,0.0
2026-01-03 03:30:00,0.0,0.58829328,0.0,0.0,0.58829328,0.0,0.0,0.0
2026-01-03 03:45:00,0.0,0.55804224,0.0,0.0,0.55804224,0.0,0.0,0.0
2026-01-03 04:00:00,0.0,1.068963395,0.0,0.0,1.068963395,0.0,0.0,0.0
2026-01-03 04:15:00,0.0,0.7849966199999999,0.0,0.0,0.7849966199999999,0.0,0.0,0.0
2026-01-03 04:30:00,0.0,0.55311167,0.0,0.0,0.55311167,0.0,0.0,0.0
2026-01-03 04:45:00,0.0,0.57139474,0.0,0.0,0.57139474,0.0,0.0,0.0
2026-01-03 05:00:00,0.0,0.6557043300000001,0.0,0.0,0.6557043300000001,0.0,0.0,0.0
2026-01-03 05:15:00,0.0,0.75671888,0.0,0.0,0.75671888,0.0,0.0,0.0
2026-01-03 05:30:00,0.0,0.58962084,0.0,0.0,0.58962084,0.0,0.0,0.0
2026-01-03 05:45:00,0.0,0.6085210600000001,0.0,0.0,0.6085210600000001,0.0,0.0,0.0
2026-01-03 06:00:00,0.0,0.71067792,0.0,0.0,0.71067792,0.0,0.0,0.0
2026-01-03 06:15:00,0.0,0.6943776,0.0,0.0,0.6943776,0.0,0.0,0.0
2026-01-03 06:30:00,0.0,0.6185384,0.0,0.0,0.6185384,0.0,0.0,0.0
2026-01-03 06:45:00,0.0,0.58274316,0.0,0.0,0.58274316,0.0,0.0,0.0
2026-01-03 07:00:00,0.0,0.6994250399999999,0.0,0.0,0.6994250399999999,0.0,0.0,0.0
2026-01-03 07:15:00,0.0,0.63803028,0.0,0.0,0.63803028,0.0,0.0,0.0
2026-01-03 07:30:00,0.0,0.6641166399999999,0.0,0.0,0.6641166399999999,0.0,0.0,0.0
2026-01-03 07:45:00,0.0,0.58160192,0.0,0.0,0.58160192,0.0,0.0,0.0
2026-01-03 08:00:00,0.0,0.61950696,0.0,0.0,0.61950696,0.0,0.0,0.0
2026-01-03 08:15:00,0.0,0.65875476,0.0,0.0,0.65875476,0.0,0.0,0.0
2026-01-03 08:30:00,0.0,0.6204325,0.0,0.0,0.6204325,0.0,0.0,0.0
2026-01-03 08:45:00,0.010648927,0.697221387,0.0,0.0,0.697221387,0.010648927,0.0,0.0
2026-01-03 09:00:00,0.20511061,0.61798211,0.0,0.0,0.61798211,0.20511061,0.0,0.0
2026-01-03 09:15:00,0.304592,0.660026921,0.0,0.0,0.660026921,0.304592,0.0,0.0
2026-01-03 09:30:00,0.31905002,0.6326661388999999,0.0041846185,0.0,0.6326661388999999,0.31905002,0.0,0.0
2026-01-03 09:45:00,0.32201956,0.6409589353999999,0.0029633725,0.0,0.6409589353999999,0.32201956,0.0,0.0
2026-01-03 10:00:00,0.2934481,0.597189461,0.00069260913,0.0,0.597189461,0.2934481,0.0,0.0
2026-01-03 10:15:00,0.2858476,0.5747224927,0.00098798877,0.0,0.5747224927,0.2858476,0.0,0.0
2026-01-03 10:30:00,0.35892178,0.7198933391000001,0.00089510345,0.0,0.7198933391000001,0.35892178,0.0,0.0
2026-01-03 10:45:00,0.30986453,0.627067932,6.242116e-05,0.0,0.627067932,0.30986453,0.0,0.0
2026-01-03 11:00:00,0.31036703,0.6274636069999999,0.0,0.0,0.6274636069999999,0.31036703,0.0,0.0
2026-01-03 11:15:00,0.308562,0.6201443968,0.0010442886,0.0,0.6201443968,0.308562,0.0,0.0
2026-01-03 11:30:00,0.36773547,0.740996593,0.00074457806,0.0,0.740996593,0.36773547,0.0,0.0
2026-01-03 11:45:00,0.35283633,0.6961159572,0.006649666,0.0,0.6961159572,0.35283633,0.0,0.0
2026-01-03 12:00:00,0.3747412,0.5581341599999999,0.09567413,0.0,0.5581341599999999,0.3747412,0.0,0.0
2026-01-03 12:15:00,1.1359528,0.56523914,0.8533332,0.0,0.56523914,1.1359528,0.0,0.0
2026-01-03 12:30:00,3.5373875,0.61275654,3.2310093,0.0,0.61275654,3.5373875,0.0,0.0
2026-01-03 12:45:00,4.564996600000001,0.6445240999999999,4.242734400000001,0.0,0.6445240999999999,4.564996600000001,0.0,0.0
2026-01-03 13:00:00,4.3888916,0.4737946,4.151993999999999,0.0,0.4737946,4.3888916,0.0,0.0
2026-01-03 13:15:00,6.255855,0.6024346,5.9546377,0.0,0.6024346,6.255855,0.0,0.0
2026-01-03 13:30:00,6.348108,0.7923662,5.951925,0.0,0.7923662,6.348108,0.0,0.0
2026-01-03 13:45:00,6.0692065,0.684847,5.726783,0.0,0.684847,6.0692065,0.0,0.0
2026-01-03 14:00:00,5.698018,0.5803252,5.407855499999999,0.0,0.5803252,5.698018,0.0,0.0
2026-01-03 14:15:00,5.317939999999999,0.5164104599999999,5.059735,0.0,0.5164104599999999,5.317939999999999,0.0,0.0
2026-01-03 14:30:00,4.950775999999999,0.73529688,4.5831274,0.0,0.73529688,4.950775999999999,0.0,0.0
2026-01-03 14:45:00,4.4254907,0.58486084,4.1330605,0.0,0.58486084,4.4254907,0.0,0.0
2026-01-03 15:00:00,3.72771,0.4731771,3.4911213,0.0,0.4731771,3.72771,0.0,0.0
2026-01-03 15:15:00,3.0404248,0.48622232,2.7973137,0.0,0.48622232,3.0404248,0.0,0.0
2026-01-03 15:30:00,2.154028,0.64364868,1.8322036,0.0,0.64364868,2.154028,0.0,0.0
2026-01-03 15:45:00,0.80949286,0.6852558599999999,0.46686496,0.0,0.6852558599999999,0.80949286,0.0,0.0
2026-01-03 16:00:00,0.27249393,0.5346122,0.0051878409999999,0.0,0.5346122,0.27249393,0.0,0.0
2026-01-03 16:15:00,0.31031998,0.61127526,0.004682348,0.0,0.61127526,0.31031998,0.0,0.0
2026-01-03 16:30:00,0.36715198,0.728979,0.002662463,0.0,0.728979,0.36715198,0.0,0.0
2026-01-03 16:45:00,0.33158813,0.665027368,0.0011872017,0.0,0.665027368,0.33158813,0.0,0.0
2026-01-03 17:00:00,0.29845752,0.5911209274,0.0047925544,0.0,0.5911209274,0.29845752,0.0,0.0
2026-01-03 17:15:00,0.25277939,0.98825105,0.0019429754,0.0,0.98825105,0.25277939,0.0,0.0
2026-01-03 17:30:00,0.35527637,0.7125935018,0.0022075946,0.0,0.7125935018,0.35527637,0.0,0.0
2026-01-03 17:45:00,0.35763733,0.7185169737000001,0.0,0.0,0.7185169737000001,0.35763733,0.0,0.0
2026-01-03 18:00:00,0.2677762,0.24796542,0.14379352,0.0,0.24796542,0.2677762,0.0,0.0
2026-01-03 18:15:00,0.28414206,0.56383190722,0.0025900395,0.0,0.56383190722,0.28414206,0.0,0.0
2026-01-03 18:30:00,0.35130423,0.69968598614,0.0019346136,0.0,0.69968598614,0.35130423,0.0,0.0
2026-01-03 18:45:00,0.35785574,0.7137919612899999,0.0010399576,0.0,0.7137919612899999,0.35785574,0.0,0.0
2026-01-03 19:00:00,0.2622337999999999,0.51983436306,0.0030274353,0.0,0.51983436306,0.2622337999999999,0.0,0.0
2026-01-03 19:15:00,0.30477704,0.6076930924999999,0.0017183787,0.0,0.6076930924999999,0.30477704,0.0,0.0
2026-01-03 19:30:00,0.32618567,0.6566697754,0.0,0.0,0.6566697754,0.32618567,0.0,0.0
2026-01-03 19:45:00,0.34372556,0.6875254966000001,0.0020261536,0.0,0.6875254966000001,0.34372556,0.0,0.0
2026-01-03 20:00:00,0.3020982399999999,0.6142731987,0.0006425781,0.0,0.6142731987,0.3020982399999999,0.0,0.0
2026-01-03 20:15:00,0.29263977,0.5938414324000001,0.0,0.0,0.5938414324000001,0.29263977,0.0,0.0
2026-01-03 20:30:00,0.35967847,0.7248709664999999,0.0005613429,0.0,0.7248709664999999,0.35967847,0.0,0.0
2026-01-03 20:45:00,0.32629733,0.6504899288299999,0.0012984518,0.0,0.6504899288299999,0.32629733,0.0,0.0
2026-01-03 21:00:00,0.30374637,0.605251844,0.0014128392999999,0.0,0.605251844,0.30374637,0.0,0.0
2026-01-03 21:15:00,0.30823892,0.6222603133,0.0003554128,0.0,0.6222603133,0.30823892,0.0,0.0
2026-01-03 21:30:00,0.32326364,0.6593783040000001,0.0,0.0,0.6593783040000001,0.32326364,0.0,0.0
2026-01-03 21:45:00,0.359994,0.7207510824000001,0.0004061864299999,0.0,0.7207510824000001,0.359994,0.0,0.0
2026-01-03 22:00:00,0.32531442,0.6468035078000001,0.0029076717,0.0,0.6468035078000001,0.32531442,0.0,0.0
2026-01-03 22:15:00,0.32147812,0.6489146184999999,0.0,0.0,0.6489146184999999,0.32147812,0.0,0.0
2026-01-03 22:30:00,0.28554807,0.5792132836999999,0.0,0.0,0.5792132836999999,0.28554807,0.0,0.0
2026-01-03 22:45:00,0.33508548,0.66314750568,0.003983017,0.0,0.66314750568,0.33508548,0.0,0.0
2026-01-03 23:00:00,0.31827045,0.62827173876,0.0043343987,0.0,0.62827173876,0.31827045,0.0,0.0
2026-01-03 23:15:00,0.35412683,0.7085493649000001,0.001473025,0.0,0.7085493649000001,0.35412683,0.0,0.0
2026-01-03 23:30:00,0.3195689,0.640167599,0.0019465612,0.0,0.640167599,0.3195689,0.0,0.0
2026-01-03 23:45:00,0.32185852,0.6370525755,0.0036086428,0.0,0.6370525755,0.32185852,0.0,0.0
2026-01-04 00:00:00,0.350822,0.6939187,0.0038626556,0.0,0.6939187,0.350822,0.0,0.0
2026-01-04 00:15:00,0.3063987,0.61197069204,0.00084522754,0.0,0.61197069204,0.3063987,0.0,0.0
2026-01-04 00:30:00,0.29545178,0.5931919190999999,0.00031359863,0.0,0.5931919190999999,0.29545178,0.0,0.0
2026-01-04 00:45:00,0.2946235,0.58744812445,0.0016734275999999,0.0,0.58744812445,0.2946235,0.0,0.0
2026-01-04 01:00:00,0.3658022,0.7318442044,0.00042545572,0.0,0.7318442044,0.3658022,0.0,0.0
2026-01-04 01:15:00,0.3379319,0.6807753427000001,0.0,0.0,0.6807753427000001,0.3379319,0.0,0.0
2026-01-04 01:30:00,0.26792188,0.53122727007,0.0026738129,0.0,0.53122727007,0.26792188,0.0,0.0
2026-01-04 01:45:00,0.2755275,0.5465257497,0.0025943679999999,0.0,0.5465257497,0.2755275,0.0,0.0
2026-01-04 02:00:00,0.35891193,0.7141230399999999,0.0018503901,0.0,0.7141230399999999,0.35891193,0.0,0.0
2026-01-04 02:15:00,0.29771252,0.6170374704999999,0.0,0.0,0.6170374704999999,0.29771252,0.0,0.0
2026-01-04 02:30:00,0.2633409399999999,0.5228272867,0.002757141,0.0,0.5228272867,0.2633409399999999,0.0,0.0
2026-01-04 02:45:00,0.2992494,0.6053537779,0.0,0.0,0.6053537779,0.2992494,0.0,0.0
2026-01-04 03:00:00,0.35617572,0.7161143097,0.0020452702,0.0,0.7161143097,0.35617572,0.0,0.0
2026-01-04 03:15:00,0.30663,0.6166710942,9.46757e-05,0.0,0.6166710942,0.30663,0.0,0.0
2026-01-04 03:30:00,0.2739843,0.5486197451,0.0009882889,0.0,0.5486197451,0.2739843,0.0,0.0
2026-01-04 03:45:00,0.28929718,0.5749207953613,0.0018382925,0.0,0.5749207953613,0.28929718,0.0,0.0
2026-01-04 04:00:00,0.35152032,0.702526628491,0.00028433356,0.0,0.702526628491,0.35152032,0.0,0.0
2026-01-04 04:15:00,0.34048444,0.6884206070000001,0.0,0.0,0.6884206070000001,0.34048444,0.0,0.0
2026-01-04 04:30:00,0.2600308999999999,0.51818799685,0.0015848745,0.0,0.51818799685,0.2600308999999999,0.0,0.0
2026-01-04 04:45:00,0.27893332,0.5562896925,0.0035518901,0.0,0.5562896925,0.27893332,0.0,0.0
2026-01-04 05:00:00,0.39299533,0.7894570190000001,0.00024923706,0.0,0.7894570190000001,0.39299533,0.0,0.0
2026-01-04 05:15:00,0.31506335,0.6319679652000001,0.0,0.0,0.6319679652000001,0.31506335,0.0,0.0
2026-01-04 05:30:00,0.28241458,0.5707185620999999,0.0,0.0,0.5707185620999999,0.28241458,0.0,0.0
2026-01-04 05:45:00,0.27230396,0.5448483507999999,0.00040857697,0.0,0.5448483507999999,0.27230396,0.0,0.0
2026-01-04 06:00:00,0.43410855,0.8689362701,0.0017368965,0.0,0.8689362701,0.43410855,0.0,0.0
2026-01-04 06:15:00,0.3288502199999999,0.606544804,0.02601596,0.0,0.606544804,0.3288502199999999,0.0,0.0
2026-01-04 06:30:00,0.2867921,0.5757065648999999,0.0,0.0,0.5757065648999999,0.2867921,0.0,0.0
2026-01-04 06:45:00,0.2966237499999999,0.5912342208999999,0.0017074738,0.0,0.5912342208999999,0.2966237499999999,0.0,0.0
2026-01-04 07:00:00,0.3908736299999999,0.7860674595,0.0006466153,0.0,0.7860674595,0.3908736299999999,0.0,0.0
2026-01-04 07:15:00,0.33046576,0.669811468,0.0,0.0,0.669811468,0.33046576,0.0,0.0
2026-01-04 07:30:00,0.27349097,0.5530200860000001,0.0,0.0,0.5530200860000001,0.27349097,0.0,0.0
2026-01-04 07:45:00,0.29879187,0.6036242512,0.00017143504,0.0,0.6036242512,0.29879187,0.0,0.0
2026-01-04 08:00:00,0.3449628,0.6958595059000001,0.0004969813,0.0,0.6958595059000001,0.3449628,0.0,0.0
2026-01-04 08:15:00,0.30968506,0.658548337,0.0005134073999999,0.0,0.658548337,0.30968506,0.0,0.0
2026-01-04 08:30:00,0.2563383999999999,0.543505787,0.0,0.0,0.543505787,0.2563383999999999,0.0,0.0
2026-01-04 08:45:00,0.31087698,0.652225166,0.0056887054,0.0,0.652225166,0.31087698,0.0,0.0
2026-01-04 09:00:00,0.35163797,0.7044786766,0.0026944225,0.0,0.7044786766,0.35163797,0.0,0.0
2026-01-04 09:15:00,0.3456477,0.6752474548,0.009427412,0.0,0.6752474548,0.3456477,0.0,0.0
2026-01-04 09:30:00,0.29575784,0.5891914701000001,0.0018363528,0.0,0.5891914701000001,0.29575784,0.0,0.0
2026-01-04 09:45:00,0.30073044,0.5957706805499999,0.0029730785,0.0,0.5957706805499999,0.30073044,0.0,0.0
2026-01-04 10:00:00,0.40009274,0.7039980864,0.049144855,0.0,0.7039980864,0.40009274,0.0,0.0
2026-01-04 10:15:00,1.3568687,1.3816785859999998,0.708065,0.0,1.3816785859999998,1.3568687,0.0,0.0
2026-01-04 10:30:00,3.3949854,0.51636316,3.1368037,0.0,0.51636316,3.3949854,0.0,0.0
2026-01-04 10:45:00,2.878184,0.4455787599999999,2.6553948,0.0,0.4455787599999999,2.878184,0.0,0.0
2026-01-04 11:00:00,3.0620476,0.60047828,2.7618086,0.0,0.60047828,3.0620476,0.0,0.0
2026-01-04 11:15:00,5.798268,0.7192913200000001,5.4386226,0.0,0.7192913200000001,5.798268,0.0,0.0
2026-01-04 11:30:00,7.1168843,0.6209176599999999,6.8064253,0.0,0.6209176599999999,7.1168843,0.0,0.0
2026-01-04 11:45:00,6.8635,0.7589671,6.4840166,0.0,0.7589671,6.8635,0.0,0.0
2026-01-04 12:00:00,6.893938,0.63794952,6.5749634,0.0,0.63794952,6.893938,0.0,0.0
2026-01-04 12:15:00,6.8301216,0.7514573400000001,6.454393,0.0,0.7514573400000001,6.8301216,0.0,0.0
2026-01-04 12:30:00,6.9857725,0.66999384,6.650775400000001,0.0,0.66999384,6.9857725,0.0,0.0
2026-01-04 12:45:00,6.8548936000000005,0.72548468,6.4921514,0.0,0.72548468,6.8548936000000005,0.0,0.0
2026-01-04 13:00:00,6.7686016,0.64274708,6.447228,0.0,0.64274708,6.7686016,0.0,0.0
2026-01-04 13:15:00,4.401769,0.67223908,4.0656497,0.0,0.67223908,4.401769,0.0,0.0
2026-01-04 13:30:00,2.7930408000000004,0.59471844,2.4956816,0.0,0.59471844,2.7930408000000004,0.0,0.0
2026-01-04 13:45:00,5.22478,0.67991926,4.8848203,0.0,0.67991926,5.22478,0.0,0.0
2026-01-04 14:00:00,4.397352,0.48792172,4.153391,0.0,0.48792172,4.397352,0.0,0.0
2026-01-04 14:15:00,4.448631000000001,0.6945879,4.101337,0.0,0.6945879,4.448631000000001,0.0,0.0
2026-01-04 14:30:00,4.6286025,0.6163841,4.3204106,0.0,0.6163841,4.6286025,0.0,0.0
2026-01-04 14:45:00,4.820735,0.558917,4.5412764,0.0,0.558917,4.820735,0.0,0.0
2026-01-04 15:00:00,2.1586753,0.47184378,1.9227534,0.0,0.47184378,2.1586753,0.0,0.0
2026-01-04 15:15:00,1.8792122,0.6180444,1.57019,0.0,0.6180444,1.8792122,0.0,0.0
2026-01-04 15:30:00,2.2753586,0.63654084,1.9570881,0.0,0.63654084,2.2753586,0.0,0.0
2026-01-04 15:45:00,1.6816008,0.5838985,1.3896516,0.0,0.5838985,1.6816008,0.0,0.0
2026-01-04 16:00:00,0.6279537000000001,0.5465958665999999,0.35631873,0.0,0.5465958665999999,0.6279537000000001,0.0,0.0
2026-01-04 16:15:00,0.3157398999999999,0.656262583,0.0,0.0,0.656262583,0.3157398999999999,0.0,0.0
2026-01-04 16:30:00,0.3679561,0.7396783517000001,0.0013734207,0.0,0.7396783517000001,0.3679561,0.0,0.0
2026-01-04 16:45:00,0.2908674,0.5886910765,0.0,0.0,0.5886910765,0.2908674,0.0,0.0
2026-01-04 17:00:00,0.2718857,0.54394134335,0.00080983466,0.0,0.54394134335,0.2718857,0.0,0.0
2026-01-04 17:15:00,0.3150823,0.6407771106,0.0,0.0,0.6407771106,0.3150823,0.0,0.0
2026-01-04 17:30:00,0.37588705,0.7583355571,0.0,0.0,0.7583355571,0.37588705,0.0,0.0
2026-01-04 17:45:00,0.3242597,0.6482984088,0.0027202556,0.0,0.6482984088,0.3242597,0.0,0.0
2026-01-04 18:00:00,0.2795313,0.5579282835999999,0.0011774926999999,0.0,0.5579282835999999,0.2795313,0.0,0.0
2026-01-04 18:15:00,0.28934512,0.5808788461000001,0.0001209615099999,0.0,0.5808788461000001,0.28934512,0.0,0.0
2026-01-04 18:30:00,0.41320898,0.829541445,0.0007850456,0.0,0.829541445,0.41320898,0.0,0.0
2026-01-04 18:45:00,0.30860052,0.6173653028699999,0.00034764862,0.0,0.6173653028699999,0.30860052,0.0,0.0
2026-01-04 19:00:00,0.30754926,0.6174155339999999,8.168539e-05,0.0,0.6174155339999999,0.30754926,0.0,0.0
2026-01-04 19:15:00,0.2861679,0.5743022302699999,0.0,0.0,0.5743022302699999,0.2861679,0.0,0.0
2026-01-04 19:30:00,0.410215,0.82212820965,0.0,0.0,0.82212820965,0.410215,0.0,0.0
2026-01-04 19:45:00,0.31860123,0.6390724048,0.0016849289,0.0,0.6390724048,0.31860123,0.0,0.0
2026-01-04 20:00:00,0.27069537,0.540265068,0.0020612488,0.0,0.540265068,0.27069537,0.0,0.0
2026-01-04 20:15:00,0.29210782,0.58116924193,0.0017716904,0.0,0.58116924193,0.29210782,0.0,0.0
2026-01-04 20:30:00,0.39130142,0.784963799,0.00024236806,0.0,0.784963799,0.39130142,0.0,0.0
2026-01-04 20:45:00,0.34690875,0.6813735375300001,0.0065761886,0.0,0.6813735375300001,0.34690875,0.0,0.0
2026-01-04 21:00:00,0.2632201999999999,0.5282330303,0.0012066116,0.0,0.5282330303,0.2632201999999999,0.0,0.0
2026-01-04 21:15:00,0.3169796,0.6401072806000001,0.0,0.0,0.6401072806000001,0.3169796,0.0,0.0
2026-01-04 21:30:00,0.39808914,0.7979371503,0.00077802783,0.0,0.7979371503,0.39808914,0.0,0.0
2026-01-04 21:45:00,0.3143913,0.6278118966999999,0.001760343,0.0,0.6278118966999999,0.3143913,0.0,0.0
2026-01-04 22:00:00,0.29597144,0.5833929132,0.004757911,0.0,0.5833929132,0.29597144,0.0,0.0
2026-01-04 22:15:00,0.2957687,0.5940399234,0.00072829944,0.0,0.5940399234,0.2957687,0.0,0.0
2026-01-04 22:30:00,0.3892136499999999,0.77340070626,0.0033698578,0.0,0.77340070626,0.3892136499999999,0.0,0.0
2026-01-04 22:45:00,0.3057951,0.619729488,0.00055850476,0.0,0.619729488,0.3057951,0.0,0.0
2026-01-04 23:00:00,0.29416257,0.5904800304,0.0016196696,0.0,0.5904800304,0.29416257,0.0,0.0
2026-01-04 23:15:00,0.28808575,0.5800338615,0.00030852255,0.0,0.5800338615,0.28808575,0.0,0.0
2026-01-04 23:30:00,0.39136795,0.7851807926000001,0.0,0.0,0.7851807926000001,0.39136795,0.0,0.0
2026-01-04 23:45:00,0.33937653,0.66505142042,0.006989695,0.0,0.66505142042,0.33937653,0.0,0.0
2026-01-05 00:00:00,0.28432208,0.568313856671,0.00019547527,0.0,0.568313856671,0.28432208,0.0,0.0
2026-01-05 00:15:00,0.3220186,0.6366254090000001,0.0044607368,0.0,0.6366254090000001,0.3220186,0.0,0.0
2026-01-05 00:30:00,0.3332900399999999,0.6793812266,0.001171669,0.0,0.6793812266,0.3332900399999999,0.0,0.0
2026-01-05 00:45:00,0.33248453,0.6700311416,0.0,0.0,0.6700311416,0.33248453,0.0,0.0
2026-01-05 01:00:00,0.26421942,0.5323722968,6.272125e-05,0.0,0.5323722968,0.26421942,0.0,0.0
2026-01-05 01:15:00,0.32590912,0.6519323259900001,0.000141421,0.0,0.6519323259900001,0.32590912,0.0,0.0
2026-01-05 01:30:00,0.3440659,0.6918734853999999,0.00099709576,0.0,0.6918734853999999,0.3440659,0.0,0.0
2026-01-05 01:45:00,0.33648975,0.6748775153000001,0.0,0.0,0.6748775153000001,0.33648975,0.0,0.0
2026-01-05 02:00:00,0.28008932,0.5585180449,0.0014807917,0.0,0.5585180449,0.28008932,0.0,0.0
2026-01-05 02:15:00,0.29736252,0.5933445818,0.003005633,0.0,0.5933445818,0.29736252,0.0,0.0
2026-01-05 02:30:00,0.34970004,0.6827049625,0.0119335249999999,0.0,0.6827049625,0.34970004,0.0,0.0
2026-01-05 02:45:00,0.3382439,0.67465607706,0.0010395101,0.0,0.67465607706,0.3382439,0.0,0.0
2026-01-05 03:00:00,0.28288297,0.5698854784,0.0,0.0,0.5698854784,0.28288297,0.0,0.0
2026-01-05 03:15:00,0.31250107,0.6290553614,6.973775499999999e-05,0.0,0.6290553614,0.31250107,0.0,0.0
2026-01-05 03:30:00,0.28352246,0.5718677904,0.0,0.0,0.5718677904,0.28352246,0.0,0.0
2026-01-05 03:45:00,0.34251276,0.684806904,0.0007103793,0.0,0.684806904,0.34251276,0.0,0.0
2026-01-05 04:00:00,0.28932434,0.5802973132,2.4042765e-05,0.0,0.5802973132,0.28932434,0.0,0.0
2026-01-05 04:15:00,0.35936688,0.71326820033,0.0030196686,0.0,0.71326820033,0.35936688,0.0,0.0
2026-01-05 04:30:00,0.28342862,0.56628317896,0.0008074443,0.0,0.56628317896,0.28342862,0.0,0.0
2026-01-05 04:45:00,0.34668,0.6915449810000001,0.0029790523,0.0,0.6915449810000001,0.34668,0.0,0.0
2026-01-05 05:00:00,0.30109064,0.609607613,0.0,0.0,0.609607613,0.30109064,0.0,0.0
2026-01-05 05:15:00,0.3275441,0.6607324028,0.0,0.0,0.6607324028,0.3275441,0.0,0.0
2026-01-05 05:30:00,0.30899582,0.61337604,0.0023077953,0.0,0.61337604,0.30899582,0.0,0.0
2026-01-05 05:45:00,0.31980844,0.635491988,0.0026472294,0.0,0.635491988,0.31980844,0.0,0.0
2026-01-05 06:00:00,0.31331213,0.6336383993000001,0.0020973866,0.0,0.6336383993000001,0.31331213,0.0,0.0
2026-01-05 06:15:00,0.31689615,0.6438821480000001,0.0,0.0,0.6438821480000001,0.31689615,0.0,0.0
2026-01-05 06:30:00,0.31035757,0.6158453886299999,0.0026342442,0.0,0.6158453886299999,0.31035757,0.0,0.0
2026-01-05 06:45:00,0.3299647,0.6633735810000001,0.0011603203,0.0,0.6633735810000001,0.3299647,0.0,0.0
2026-01-05 07:00:00,0.3270731799999999,0.6491060679,0.0038578769999999,0.0,0.6491060679,0.3270731799999999,0.0,0.0
2026-01-05 07:15:00,0.33583243,0.6734798702,0.0010118841,0.0,0.6734798702,0.33583243,0.0,0.0
2026-01-05 07:30:00,0.2609535,0.523711837,0.00029418945,0.0,0.523711837,0.2609535,0.0,0.0
2026-01-05 07:45:00,0.3401659,0.6817546329999999,0.0017969284,0.0,0.6817546329999999,0.3401659,0.0,0.0
2026-01-05 08:00:00,0.32661728,0.6563535658999999,0.00039707693,0.0,0.6563535658999999,0.32661728,0.0,0.0
2026-01-05 08:15:00,0.09118085,0.67146926,0.0,0.0,0.67146926,0.09118085,0.0,0.0
2026-01-05 08:30:00,0.009184177,0.532068417,0.0,0.0,0.532068417,0.009184177,0.0,0.0
2026-01-05 08:45:00,0.110582,0.64652266,0.0,0.0,0.64652266,0.110582,0.0,0.0
2026-01-05 09:00:00,0.15600966,0.74528308,0.0,0.0,0.74528308,0.15600966,0.0,0.0
2026-01-05 09:15:00,0.29263287,0.6149779790000001,0.0,0.0,0.6149779790000001,0.29263287,0.0,0.0
2026-01-05 09:30:00,0.29444052,0.5976914030000001,7.421875e-05,0.0,0.5976914030000001,0.29444052,0.0,0.0
2026-01-05 09:45:00,0.2835394,0.56428088,0.0013989538,0.0,0.56428088,0.2835394,0.0,0.0
2026-01-05 10:00:00,0.37772507,0.7588782220000001,0.0002540156,0.0,0.7588782220000001,0.37772507,0.0,0.0
2026-01-05 10:15:00,0.2942715,0.59398955,0.00056522626,0.0,0.59398955,0.2942715,0.0,0.0
2026-01-05 10:30:00,0.2869778999999999,0.53587256,0.01904164,0.0,0.53587256,0.2869778999999999,0.0,0.0
2026-01-05 10:45:00,0.8491930999999999,0.60151832,0.54843396,0.0,0.60151832,0.8491930999999999,0.0,0.0
2026-01-05 11:00:00,1.2033195,0.69143512,0.85760187,0.0,0.69143512,1.2033195,0.0,0.0
2026-01-05 11:15:00,1.2060986,0.6882880800000001,0.8619545000000001,0.0,0.6882880800000001,1.2060986,0.0,0.0
2026-01-05 11:30:00,1.673661,0.5242763,1.411523,0.0,0.5242763,1.673661,0.0,0.0
2026-01-05 11:45:00,4.347167000000001,0.51368116,4.0903264,0.0,0.51368116,4.347167000000001,0.0,0.0
2026-01-05 12:00:00,5.184513,0.7636203,4.802703,0.0,0.7636203,5.184513,0.0,0.0
2026-01-05 12:15:00,6.848555,0.71310186,6.4920044,0.0,0.71310186,6.848555,0.0,0.0
2026-01-05 12:30:00,6.8996465,0.6235185599999999,6.587886999999999,0.0,0.6235185599999999,6.8996465,0.0,0.0
2026-01-05 12:45:00,6.6916914,0.5749134,6.404235,0.0,0.5749134,6.6916914,0.0,0.0
2026-01-05 13:00:00,6.8168516,0.9026836,6.36551,0.0,0.9026836,6.8168516,0.0,0.0
2026-01-05 13:15:00,3.4550437,0.48574268,3.2121724,0.0,0.48574268,3.4550437,0.0,0.0
2026-01-05 13:30:00,3.687172,0.5752004399999999,3.399572,0.0,0.5752004399999999,3.687172,0.0,0.0
2026-01-05 13:45:00,5.24519,0.53031836,4.980031,0.0,0.53031836,5.24519,0.0,0.0
2026-01-05 14:00:00,5.2296426,0.70137452,4.878955,0.0,0.70137452,5.2296426,0.0,0.0
2026-01-05 14:15:00,5.1702725,0.6165498,4.8619976,0.0,0.6165498,5.1702725,0.0,0.0
2026-01-05 14:30:00,4.724844,0.47479946,4.4874443,0.0,0.47479946,4.724844,0.0,0.0
2026-01-05 14:45:00,4.064237299999999,0.534728,3.7968733,0.0,0.534728,4.064237299999999,0.0,0.0
2026-01-05 15:00:00,2.6411204,0.62020514,2.3310178,0.0,0.62020514,2.6411204,0.0,0.0
2026-01-05 15:15:00,1.9484218,0.6270418833,1.6368175,0.0,0.6270418833,1.9484218,0.0,0.0
2026-01-05 15:30:00,2.0397582,0.49348374,1.7930162,0.0,0.49348374,2.0397582,0.0,0.0
2026-01-05 15:45:00,1.0318169,2.066022053,0.000452034,0.0,2.066022053,1.0318169,0.0,0.0
2026-01-05 16:00:00,1.883106,5.1487426,0.025793009,0.0,5.1487426,1.883106,0.0,0.0
2026-01-05 16:15:00,0.4090808,0.958919655,0.0008065491,0.0,0.958919655,0.4090808,0.0,0.0
2026-01-05 16:30:00,0.36976172,0.785253184,0.0046406837,0.0,0.785253184,0.36976172,0.0,0.0
2026-01-05 16:45:00,0.32381622,0.756203422,0.00035884857,0.0,0.756203422,0.32381622,0.0,0.0
2026-01-05 17:00:00,0.4763153,0.994472934,0.0,0.0,0.994472934,0.4763153,0.0,0.0
2026-01-05 17:15:00,0.5734634,1.13007092,0.008427925,0.0,1.13007092,0.5734634,0.0,0.0
2026-01-05 17:30:00,0.54534875,1.092175923,0.0020891724,0.0,1.092175923,0.54534875,0.0,0.0
2026-01-05 17:45:00,0.6251362,1.247025282075,0.0016788025,0.0,1.247025282075,0.6251362,0.0,0.0
2026-01-05 18:00:00,0.4845991799999999,0.97706615,0.0,0.0,0.97706615,0.4845991799999999,0.0,0.0
2026-01-05 18:15:00,0.6546860400000001,1.3115837766,7.496389e-05,0.0,1.3115837766,0.6546860400000001,0.0,0.0
2026-01-05 18:30:00,0.58600684,1.1680145412,0.0032469542,0.0,1.1680145412,0.58600684,0.0,0.0
2026-01-05 18:45:00,0.3962156699999999,0.7906395706,0.001541009,0.0,0.7906395706,0.3962156699999999,0.0,0.0
2026-01-05 19:00:00,0.39592935,0.7948438809,0.000121856,0.0,0.7948438809,0.39592935,0.0,0.0
2026-01-05 19:15:00,0.5007027,1.0040626098,3.7930805e-05,0.0,1.0040626098,0.5007027,0.0,0.0
2026-01-05 19:30:00,0.42896625,0.8567999837,0.0018396353,0.0,0.8567999837,0.42896625,0.0,0.0
2026-01-05 19:45:00,0.4440688,0.88401,0.0020637882,0.0,0.88401,0.4440688,0.0,0.0
2026-01-05 20:00:00,0.44678714,0.8967529842,0.0013646062999999,0.0,0.8967529842,0.44678714,0.0,0.0
2026-01-05 20:15:00,0.47350363,0.9502346276,0.0,0.0,0.9502346276,0.47350363,0.0,0.0
2026-01-05 20:30:00,0.4624087,0.9335252924,0.0,0.0,0.9335252924,0.4624087,0.0,0.0
2026-01-05 20:45:00,0.4722133,0.94433220806,0.0006548296999999,0.0,0.94433220806,0.4722133,0.0,0.0
2026-01-05 21:00:00,0.38512085,0.7713551237,0.0005962868,0.0,0.7713551237,0.38512085,0.0,0.0
2026-01-05 21:15:00,0.6778088,1.345089604,0.0058566995,0.0,1.345089604,0.6778088,0.0,0.0
2026-01-05 21:30:00,0.4794623,0.95880309238,0.0004769693999999,0.0,0.95880309238,0.4794623,0.0,0.0
2026-01-05 21:45:00,0.5290376,1.0510782386809998,0.003500974,0.0,1.0510782386809998,0.5290376,0.0,0.0
2026-01-05 22:00:00,0.40552737,0.80897333726,0.0015877113,0.0,0.80897333726,0.40552737,0.0,0.0
2026-01-05 22:15:00,0.492511,0.9838804907,0.0019953932,0.0,0.9838804907,0.492511,0.0,0.0
2026-01-05 22:30:00,0.49096323,0.9801891509,0.0021527874,0.0,0.9801891509,0.49096323,0.0,0.0
2026-01-05 22:45:00,0.44422318,0.8897073289,0.0004754766,0.0,0.8897073289,0.44422318,0.0,0.0
2026-01-05 23:00:00,0.43257745,0.869725978,0.0,0.0,0.869725978,0.43257745,0.0,0.0
2026-01-05 23:15:00,0.44895724,0.9024127185,0.00019308853,0.0,0.9024127185,0.44895724,0.0,0.0
2026-01-05 23:30:00,0.5062285,1.0179790624,0.00024460728,0.0,1.0179790624,0.5062285,0.0,0.0
2026-01-05 23:45:00,0.4021052,0.811232975,0.0,0.0,0.811232975,0.4021052,0.0,0.0
2026-01-06 00:00:00,0.43057773,0.8609455224,0.0013319016,0.0,0.8609455224,0.43057773,0.0,0.0
2026-01-06 00:15:00,0.28987354,0.5854080046000001,0.0,0.0,0.5854080046000001,0.28987354,0.0,0.0
2026-01-06 00:30:00,0.448942,0.894279634172,0.0018326212,0.0,0.894279634172,0.448942,0.0,0.0
2026-01-06 00:45:00,0.3247878,0.649573537,0.0005125122,0.0,0.649573537,0.3247878,0.0,0.0
2026-01-06 01:00:00,0.27841064,0.5577731304,6.2273663e-05,0.0,0.5577731304,0.27841064,0.0,0.0
2026-01-06 01:15:00,0.25836157,0.51571333717,0.0008346227,0.0,0.51571333717,0.25836157,0.0,0.0
2026-01-06 01:30:00,0.3815173,0.76089526,0.0010696753999999,0.0,0.76089526,0.3815173,0.0,0.0
2026-01-06 01:45:00,0.3075073499999999,0.6192943059999999,0.0,0.0,0.6192943059999999,0.3075073499999999,0.0,0.0
2026-01-06 02:00:00,0.26527774,0.5275404756600001,0.0019901657,0.0,0.5275404756600001,0.26527774,0.0,0.0
2026-01-06 02:15:00,0.2592430699999999,0.51859874974,0.00036497298,0.0,0.51859874974,0.2592430699999999,0.0,0.0
2026-01-06 02:30:00,0.37649063,0.7516969631,0.0015354462,0.0,0.7516969631,0.37649063,0.0,0.0
2026-01-06 02:45:00,0.29645667,0.595419425,0.0018435186,0.0,0.595419425,0.29645667,0.0,0.0
2026-01-06 03:00:00,0.2581317,0.5158840967999999,0.0004147,0.0,0.5158840967999999,0.2581317,0.0,0.0
2026-01-06 03:15:00,0.25144719,0.5077841463999999,0.0,0.0,0.5077841463999999,0.25144719,0.0,0.0
2026-01-06 03:30:00,0.3572403,0.70905379942,0.0028191147,0.0,0.70905379942,0.3572403,0.0,0.0
2026-01-06 03:45:00,0.35888104,0.7158192269999999,0.002271211,0.0,0.7158192269999999,0.35888104,0.0,0.0
2026-01-06 04:00:00,0.16198267,0.32475054406,0.00028806558,0.0,0.32475054406,0.16198267,0.0,0.0
2026-01-06 04:15:00,0.0,0.5892056800000001,0.0,0.0,0.5892056800000001,0.0,0.0,0.0
2026-01-06 04:30:00,0.0,0.7118642,0.0,0.0,0.7118642,0.0,0.0,0.0
2026-01-06 04:45:00,0.0,0.70030652,0.0,0.0,0.70030652,0.0,0.0,0.0
2026-01-06 05:00:00,0.0,0.5498395,0.0,0.0,0.5498395,0.0,0.0,0.0
2026-01-06 05:15:00,0.0,0.6026412400000001,0.0,0.0,0.6026412400000001,0.0,0.0,0.0
2026-01-06 05:30:00,0.0,0.7630324,0.0,0.0,0.7630324,0.0,0.0,0.0
2026-01-06 05:45:00,0.0,0.66278614,0.0,0.0,0.66278614,0.0,0.0,0.0
2026-01-06 06:00:00,0.0,0.5771584000000001,0.0,0.0,0.5771584000000001,0.0,0.0,0.0
2026-01-06 06:15:00,0.0,0.5905640799999999,0.0,0.0,0.5905640799999999,0.0,0.0,0.0
2026-01-06 06:30:00,0.0,0.69559704,0.0,0.0,0.69559704,0.0,0.0,0.0
2026-01-06 06:45:00,0.0,0.6778550400000001,0.0,0.0,0.6778550400000001,0.0,0.0,0.0
2026-01-06 07:00:00,0.0,0.56068812,0.0,0.0,0.56068812,0.0,0.0,0.0
2026-01-06 07:15:00,0.0,0.615417,0.0,0.0,0.615417,0.0,0.0,0.0
2026-01-06 07:30:00,0.0,0.6835542,0.0,0.0,0.6835542,0.0,0.0,0.0
2026-01-06 07:45:00,0.0,0.7151480800000001,0.0,0.0,0.7151480800000001,0.0,0.0,0.0
2026-01-06 08:00:00,0.0,0.51565936,0.0,0.0,0.51565936,0.0,0.0,0.0
2026-01-06 08:15:00,0.0,0.63225104,0.0,0.0,0.63225104,0.0,0.0,0.0
2026-01-06 08:30:00,0.094379036,0.675975086,0.0,0.0,0.675975086,0.094379036,0.0,0.0
2026-01-06 08:45:00,0.21105756,0.65627429,0.0,0.0,0.65627429,0.21105756,0.0,0.0
2026-01-06 09:00:00,0.29101462,0.5431341623399999,0.019697962,0.0,0.5431341623399999,0.29101462,0.0,0.0
2026-01-06 09:15:00,0.37157745,0.7471513702,0.0007926585,0.0,0.7471513702,0.37157745,0.0,0.0
2026-01-06 09:30:00,0.2822107199999999,0.5697382899,0.0,0.0,0.5697382899,0.2822107199999999,0.0,0.0
2026-01-06 09:45:00,0.3335706,0.6650062773000001,0.003509632,0.0,0.6650062773000001,0.3335706,0.0,0.0
2026-01-06 10:00:00,0.29566684,1.3594494300000002,0.0026030273,0.0,1.3594494300000002,0.29566684,0.0,0.0
2026-01-06 10:15:00,0.30522418,0.60886900485,0.00098321027,0.0,0.60886900485,0.30522418,0.0,0.0
2026-01-06 10:30:00,0.2885081,0.5822335855999999,0.00032868195,0.0,0.5822335855999999,0.2885081,0.0,0.0
2026-01-06 10:45:00,1.2067092,2.4155981183,0.0002612101,0.0,2.4155981183,1.2067092,0.0,0.0
2026-01-06 11:00:00,1.8814922,3.77421923,0.00068738174,0.0,3.77421923,1.8814922,0.0,0.0
2026-01-06 11:15:00,1.6468562,6.7813012,0.0,0.0,6.7813012,1.6468562,0.0,0.0
2026-01-06 11:30:00,1.0870731,5.3223452,0.0,0.0,5.3223452,1.0870731,0.0,0.0
2026-01-06 11:45:00,1.2330376,5.558528,0.0,0.0,5.558528,1.2330376,0.0,0.0
2026-01-06 12:00:00,0.8863536000000001,2.65153753,0.0023557280999999,0.0,2.65153753,0.8863536000000001,0.0,0.0
2026-01-06 12:15:00,0.3969691,0.7932730338,0.001960298,0.0,0.7932730338,0.3969691,0.0,0.0
2026-01-06 12:30:00,0.31742072,0.62713195043,0.0045873694,0.0,0.62713195043,0.31742072,0.0,0.0
2026-01-06 12:45:00,0.34760553,0.69249770646,0.0017743784,0.0,0.69249770646,0.34760553,0.0,0.0
2026-01-06 13:00:00,1.8891484,3.6972267411,0.041201336,0.0,3.6972267411,1.8891484,0.0,0.0
2026-01-06 13:15:00,0.45122232,0.97590136,0.0038429463,0.0,0.97590136,0.45122232,0.0,0.0
2026-01-06 13:30:00,0.42732565,0.858939811,0.008494679,0.0,0.858939811,0.42732565,0.0,0.0
2026-01-06 13:45:00,0.4027923,0.829551704,0.0,0.0,0.829551704,0.4027923,0.0,0.0
2026-01-06 14:00:00,0.6281888999999999,1.12424108,0.06606835,0.0,1.12424108,0.6281888999999999,0.0,0.0
2026-01-06 14:15:00,0.60681696,1.05595814,0.1368537,0.0,1.05595814,0.60681696,0.0,0.0
2026-01-06 14:30:00,0.6108034699999999,1.21797821955,0.0022117767,0.0,1.21797821955,0.6108034699999999,0.0,0.0
2026-01-06 14:45:00,0.86548315,1.774425909,9.303284e-05,0.0,1.774425909,0.86548315,0.0,0.0
2026-01-06 15:00:00,0.95360803,2.87716024,0.0011031264999999,0.0,2.87716024,0.95360803,0.0,0.0
2026-01-06 15:15:00,0.32377847,0.6519395873000001,0.0,0.0,0.6519395873000001,0.32377847,0.0,0.0
2026-01-06 15:30:00,0.96670764,1.93804097,0.0072808989999999,0.0,1.93804097,0.96670764,0.0,0.0
2026-01-06 15:45:00,0.35025238,0.7024571382,0.002269867,0.0,0.7024571382,0.35025238,0.0,0.0
2026-01-06 16:00:00,0.44805795,0.8599318134,0.018581547,0.0,0.8599318134,0.44805795,0.0,0.0
2026-01-06 16:15:00,0.37353912,0.7381298656999999,0.005005506,0.0,0.7381298656999999,0.37353912,0.0,0.0
2026-01-06 16:30:00,0.37875525,0.756587314,0.0022325323,0.0,0.756587314,0.37875525,0.0,0.0
2026-01-06 16:45:00,0.38061362,0.7700062240000001,0.0,0.0,0.7700062240000001,0.38061362,0.0,0.0
2026-01-06 17:00:00,0.49809525,0.99613849,0.0019074377,0.0,0.99613849,0.49809525,0.0,0.0
2026-01-06 17:15:00,0.38101044,0.7611042557000001,0.0015234985,0.0,0.7611042557000001,0.38101044,0.0,0.0
2026-01-06 17:30:00,1.1090648,2.2160295941,0.003593567,0.0,2.2160295941,1.1090648,0.0,0.0
2026-01-06 17:45:00,0.4998917,0.9242948,0.0377443,0.0,0.9242948,0.4998917,0.0,0.0
2026-01-06 18:00:00,0.5904057,1.182591982,0.00048921347,0.0,1.182591982,0.5904057,0.0,0.0
2026-01-06 18:15:00,1.0562952,3.8593273,0.0,0.0,3.8593273,1.0562952,0.0,0.0
2026-01-06 18:30:00,0.0,5.2697331,0.0,0.0,5.2697331,0.0,0.0,0.0
2026-01-06 18:45:00,0.0,1.00483235,0.0,0.0,1.00483235,0.0,0.0,0.0
2026-01-06 19:00:00,0.0,1.1646289,0.0,0.0,1.1646289,0.0,0.0,0.0
2026-01-06 19:15:00,0.0,1.52661706,0.0,0.0,1.52661706,0.0,0.0,0.0
2026-01-06 19:30:00,0.0,0.85734204,0.0,0.0,0.85734204,0.0,0.0,0.0
2026-01-06 19:45:00,0.0,0.83106024,0.0,0.0,0.83106024,0.0,0.0,0.0
2026-01-06 20:00:00,0.0,2.3841658000000003,0.0,0.0,2.3841658000000003,0.0,0.0,0.0
2026-01-06 20:15:00,0.0,0.7814648999999999,0.0,0.0,0.7814648999999999,0.0,0.0,0.0
2026-01-06 20:30:00,0.0,0.7722092,0.0,0.0,0.7722092,0.0,0.0,0.0
2026-01-06 20:45:00,0.0,0.8056998999999999,0.0,0.0,0.8056998999999999,0.0,0.0,0.0
2026-01-06 21:00:00,0.0,0.92555512,0.0,0.0,0.92555512,0.0,0.0,0.0
2026-01-06 21:15:00,0.0,0.8310343,0.0,0.0,0.8310343,0.0,0.0,0.0
2026-01-06 21:30:00,0.0,0.78838172,0.0,0.0,0.78838172,0.0,0.0,0.0
2026-01-06 21:45:00,0.0,0.8148833,0.0,0.0,0.8148833,0.0,0.0,0.0
2026-01-06 22:00:00,0.0,0.91063074,0.0,0.0,0.91063074,0.0,0.0,0.0
2026-01-06 22:15:00,0.0,0.8246814,0.0,0.0,0.8246814,0.0,0.0,0.0
2026-01-06 22:30:00,0.0,0.7323727999999999,0.0,0.0,0.7323727999999999,0.0,0.0,0.0
2026-01-06 22:45:00,0.0,0.77063764,0.0,0.0,0.77063764,0.0,0.0,0.0
2026-01-06 23:00:00,0.0,0.84574572,0.0,0.0,0.84574572,0.0,0.0,0.0
2026-01-06 23:15:00,0.0,0.78436492,0.0,0.0,0.78436492,0.0,0.0,0.0
2026-01-06 23:30:00,0.0,0.6659992,0.0,0.0,0.6659992,0.0,0.0,0.0
2026-01-06 23:45:00,0.0,0.6404094,0.0,0.0,0.6404094,0.0,0.0,0.0
2026-01-07 00:00:00,0.0,0.6124219399999999,0.0,0.0,0.6124219399999999,0.0,0.0,0.0
2026-01-07 00:15:00,0.0,0.67322448,0.0,0.0,0.67322448,0.0,0.0,0.0
2026-01-07 00:30:00,0.0,0.59003034,0.0,0.0,0.59003034,0.0,0.0,0.0
2026-01-07 00:45:00,0.0,0.70318616,0.0,0.0,0.70318616,0.0,0.0,0.0
2026-01-07 01:00:00,0.0,0.56847344,0.0,0.0,0.56847344,0.0,0.0,0.0
2026-01-07 01:15:00,0.0,0.7361297,0.0,0.0,0.7361297,0.0,0.0,0.0
2026-01-07 01:30:00,0.0,0.56886114,0.0,0.0,0.56886114,0.0,0.0,0.0
2026-01-07 01:45:00,0.0,0.71541326,0.0,0.0,0.71541326,0.0,0.0,0.0
2026-01-07 02:00:00,0.0,0.58176716,0.0,0.0,0.58176716,0.0,0.0,0.0
2026-01-07 02:15:00,0.0,0.7255545,0.0,0.0,0.7255545,0.0,0.0,0.0
2026-01-07 02:30:00,0.0,0.5914538,0.0,0.0,0.5914538,0.0,0.0,0.0
2026-01-07 02:45:00,0.0,0.70769214,0.0,0.0,0.70769214,0.0,0.0,0.0
2026-01-07 03:00:00,0.0,0.5353498600000001,0.0,0.0,0.5353498600000001,0.0,0.0,0.0
2026-01-07 03:15:00,0.0,0.7312629399999999,0.0,0.0,0.7312629399999999,0.0,0.0,0.0
2026-01-07 03:30:00,0.0,0.64022156,0.0,0.0,0.64022156,0.0,0.0,0.0
2026-01-07 03:45:00,0.0,0.6661288,0.0,0.0,0.6661288,0.0,0.0,0.0
2026-01-07 04:00:00,0.0,0.5884246799999999,0.0,0.0,0.5884246799999999,0.0,0.0,0.0
2026-01-07 04:15:00,0.0,0.71988012,0.0,0.0,0.71988012,0.0,0.0,0.0
2026-01-07 04:30:00,0.0,0.6594366700000001,0.0,0.0,0.6594366700000001,0.0,0.0,0.0
2026-01-07 04:45:00,0.0,0.63192832,0.0,0.0,0.63192832,0.0,0.0,0.0
2026-01-07 05:00:00,0.0,0.5806026000000001,0.0,0.0,0.5806026000000001,0.0,0.0,0.0
2026-01-07 05:15:00,0.0,0.68271856,0.0,0.0,0.68271856,0.0,0.0,0.0
2026-01-07 05:30:00,0.0,0.7430730600000001,0.0,0.0,0.7430730600000001,0.0,0.0,0.0
2026-01-07 05:45:00,0.0,0.53624108,0.0,0.0,0.53624108,0.0,0.0,0.0
2026-01-07 06:00:00,0.0,0.5739086,0.0,0.0,0.5739086,0.0,0.0,0.0
2026-01-07 06:15:00,0.0,0.6445877,0.0,0.0,0.6445877,0.0,0.0,0.0
2026-01-07 06:30:00,0.0,0.7318558000000001,0.0,0.0,0.7318558000000001,0.0,0.0,0.0
2026-01-07 06:45:00,0.0,0.56180188,0.0,0.0,0.56180188,0.0,0.0,0.0
2026-01-07 07:00:00,0.0,0.534237,0.0,0.0,0.534237,0.0,0.0,0.0
2026-01-07 07:15:00,0.0,0.7559674599999999,0.0,0.0,0.7559674599999999,0.0,0.0,0.0
2026-01-07 07:30:00,0.0,0.8721658,0.0,0.0,0.8721658,0.0,0.0,0.0
2026-01-07 07:45:00,0.0,0.63957348,0.0,0.0,0.63957348,0.0,0.0,0.0
2026-01-07 08:00:00,0.0,0.6521336,0.0,0.0,0.6521336,0.0,0.0,0.0
2026-01-07 08:15:00,0.0,0.76323098,0.0,0.0,0.76323098,0.0,0.0,0.0
2026-01-07 08:30:00,0.062950676,0.738305386,0.0,0.0,0.738305386,0.062950676,0.0,0.0
2026-01-07 08:45:00,0.1983402299999999,0.60354895,0.0,0.0,0.60354895,0.1983402299999999,0.0,0.0
2026-01-07 09:00:00,0.0,1.27467518,0.0,0.0,1.27467518,0.0,0.0,0.0
2026-01-07 09:15:00,0.2912482,0.6204240780000001,0.00028985596,0.0,0.6204240780000001,0.2912482,0.0,0.0
2026-01-07 09:30:00,0.40828204,1.706755,0.02145666,0.0,1.706755,0.40828204,0.0,0.0
2026-01-07 09:45:00,0.38465106,0.7498258,0.009738177,0.0,0.7498258,0.38465106,0.0,0.0
2026-01-07 10:00:00,1.811128,3.549445,0.03640548,0.0,3.549445,1.811128,0.0,0.0
2026-01-07 10:15:00,1.1596475,2.46242347,0.003304896,0.0,2.46242347,1.1596475,0.0,0.0
2026-01-07 10:30:00,0.4967298,1.007631295,0.010918506,0.0,1.007631295,0.4967298,0.0,0.0
2026-01-07 10:45:00,0.65168884,0.7352780800000001,0.28404977,0.0,0.7352780800000001,0.65168884,0.0,0.0
2026-01-07 11:00:00,1.6631442,1.7559711999999998,0.7851585999999999,0.0,1.7559711999999998,1.6631442,0.0,0.0
2026-01-07 11:15:00,0.7041069,0.3983079599999999,0.50495288,0.0,0.3983079599999999,0.7041069,0.0,0.0
2026-01-07 11:30:00,2.7060098,1.3116974,2.0501611,0.0,1.3116974,2.7060098,0.0,0.0
2026-01-07 11:45:00,3.3973218000000003,0.92416956,2.935237,0.0,0.92416956,3.3973218000000003,0.0,0.0
2026-01-07 12:00:00,6.5499604,0.9245332,6.087694000000001,0.0,0.9245332,6.5499604,0.0,0.0
2026-01-07 12:15:00,6.735947299999999,0.92177276,6.275061,0.0,0.92177276,6.735947299999999,0.0,0.0
2026-01-07 12:30:00,6.6909707,0.9681253,6.2069077,0.0,0.9681253,6.6909707,0.0,0.0
2026-01-07 12:45:00,6.576190400000001,2.1285588,5.511911,0.0,2.1285588,6.576190400000001,0.0,0.0
2026-01-07 13:00:00,5.771513,0.57139746,5.4858145,0.0,0.57139746,5.771513,0.0,0.0
2026-01-07 13:15:00,2.6619644,0.6443156,2.3398066,0.0,0.6443156,2.6619644,0.0,0.0
2026-01-07 13:30:00,0.92690295,0.6264179794,0.6155868,0.0,0.6264179794,0.92690295,0.0,0.0
2026-01-07 13:45:00,2.760395,0.6307779,2.445006,0.0,0.6307779,2.760395,0.0,0.0
2026-01-07 14:00:00,5.397298,0.34520214,5.224697,0.0,0.34520214,5.397298,0.0,0.0
2026-01-07 14:15:00,5.042241,0.69513154,4.6946753,0.0,0.69513154,5.042241,0.0,0.0
2026-01-07 14:30:00,4.561093,0.78062432,4.1707803000000006,0.0,0.78062432,4.561093,0.0,0.0
2026-01-07 14:45:00,4.0594343,0.59412774,3.7623704,0.0,0.59412774,4.0594343,0.0,0.0
2026-01-07 15:00:00,2.4751438,1.5465282,1.7018796,0.0,1.5465282,2.4751438,0.0,0.0
2026-01-07 15:15:00,3.1469714,0.7686076000000001,2.7626675,0.0,0.7686076000000001,3.1469714,0.0,0.0
2026-01-07 15:30:00,1.5190038,0.75640924,1.1407992,0.0,0.75640924,1.5190038,0.0,0.0
2026-01-07 15:45:00,1.3340171,0.64067706,1.0136785,0.0,0.64067706,1.3340171,0.0,0.0
2026-01-07 16:00:00,0.8186694999999999,0.71087208,0.46323346,0.0,0.71087208,0.8186694999999999,0.0,0.0
2026-01-07 16:15:00,0.43476654,0.8592287599999999,0.005152148,0.0,0.8592287599999999,0.43476654,0.0,0.0
2026-01-07 16:30:00,0.40377298,0.8109286903,0.0,0.0,0.8109286903,0.40377298,0.0,0.0
2026-01-07 16:45:00,0.5287672999999999,0.7662673490099999,0.1457547,0.0,0.7662673490099999,0.5287672999999999,0.0,0.0
2026-01-07 17:00:00,0.35630487,0.718988957,0.0,0.0,0.718988957,0.35630487,0.0,0.0
2026-01-07 17:15:00,0.4172350999999999,0.834155711719,0.0001880099,0.0,0.834155711719,0.4172350999999999,0.0,0.0
2026-01-07 17:30:00,0.3997012,0.8035458048999999,0.0,0.0,0.8035458048999999,0.3997012,0.0,0.0
2026-01-07 17:45:00,0.42997086,0.85524757364,0.0028548049999999,0.0,0.85524757364,0.42997086,0.0,0.0
2026-01-07 18:00:00,0.4569835499999999,0.98729455,0.0003291308,0.0,0.98729455,0.4569835499999999,0.0,0.0
2026-01-07 18:15:00,1.0850432,2.1707726873000004,0.0016973209,0.0,2.1707726873000004,1.0850432,0.0,0.0
2026-01-07 18:30:00,1.2114768,2.4224440237,0.0027448971,0.0,2.4224440237,1.2114768,0.0,0.0
2026-01-07 18:45:00,2.186576,4.3702711246,0.003501119,0.0,4.3702711246,2.186576,0.0,0.0
2026-01-07 19:00:00,0.8280506000000001,2.8621625,0.009787757,0.0,2.8621625,0.8280506000000001,0.0,0.0
2026-01-07 19:15:00,0.49834406,1.0011072034,0.00050922614,0.0,1.0011072034,0.49834406,0.0,0.0
2026-01-07 19:30:00,2.633174,5.265816452729999,0.0011697387999999,0.0,5.265816452729999,2.633174,0.0,0.0
2026-01-07 19:45:00,0.3873774399999999,0.7797085847,0.0022713597,0.0,0.7797085847,0.3873774399999999,0.0,0.0
2026-01-07 20:00:00,0.38791464,0.773678,0.001075648,0.0,0.773678,0.38791464,0.0,0.0
2026-01-07 20:15:00,0.37077896,0.7438077556,0.0,0.0,0.7438077556,0.37077896,0.0,0.0
2026-01-07 20:30:00,0.3682853,0.7423471252,0.00025341797,0.0,0.7423471252,0.3682853,0.0,0.0
2026-01-07 20:45:00,0.46036743,0.9229787531,0.0,0.0,0.9229787531,0.46036743,0.0,0.0
2026-01-07 21:00:00,0.4246526799999999,0.83994182844,0.004988775,0.0,0.83994182844,0.4246526799999999,0.0,0.0
2026-01-07 21:15:00,0.4056798,0.8127929167000001,3.8976032e-05,0.0,0.8127929167000001,0.4056798,0.0,0.0
2026-01-07 21:30:00,0.40072116,0.8029652105999999,0.00062033206,0.0,0.8029652105999999,0.40072116,0.0,0.0
2026-01-07 21:45:00,0.44175906,0.8734575289000001,0.006806762,0.0,0.8734575289000001,0.44175906,0.0,0.0
2026-01-07 22:00:00,0.4345494,0.8710183252,0.00053132755,0.0,0.8710183252,0.4345494,0.0,0.0
2026-01-07 22:15:00,0.350414,0.717046189,0.00044590887,0.0,0.717046189,0.350414,0.0,0.0
2026-01-07 22:30:00,0.4370008199999999,0.8720821486000001,0.002803435,0.0,0.8720821486000001,0.4370008199999999,0.0,0.0
2026-01-07 22:45:00,0.4371899,0.876282661,0.00026939645,0.0,0.876282661,0.4371899,0.0,0.0
2026-01-07 23:00:00,0.42754544,0.8550170795,0.0017931938,0.0,0.8550170795,0.42754544,0.0,0.0
2026-01-07 23:15:00,0.35675192,0.71391273634,0.0007038066,0.0,0.71391273634,0.35675192,0.0,0.0
2026-01-07 23:30:00,1.08201,2.1669393635,4.733785e-05,0.0,2.1669393635,1.08201,0.0,0.0
2026-01-07 23:45:00,0.41508438,0.8330721332,0.0008928629999999,0.0,0.8330721332,0.41508438,0.0,0.0
2026-01-08 00:00:00,0.7447358000000001,1.48455494,0.0024583309,0.0,1.48455494,0.7447358000000001,0.0,0.0
2026-01-08 00:15:00,0.32742206,0.65499793654,0.00040976968,0.0,0.65499793654,0.32742206,0.0,0.0
2026-01-08 00:30:00,0.29210767,0.58027384502,0.0023818665,0.0,0.58027384502,0.29210767,0.0,0.0
2026-01-08 00:45:00,0.37385583,0.7485368790000001,0.0023634987,0.0,0.7485368790000001,0.37385583,0.0,0.0
2026-01-08 01:00:00,0.3435269,0.68382373,0.0028939312,0.0,0.68382373,0.3435269,0.0,0.0
2026-01-08 01:15:00,0.276064,0.5556217642,0.0007272542,0.0,0.5556217642,0.276064,0.0,0.0
2026-01-08 01:30:00,0.29326132,0.58219616,0.0021632385,0.0,0.58219616,0.29326132,0.0,0.0
2026-01-08 01:45:00,0.12694534,0.79866225,0.0009611104,0.0,0.79866225,0.12694534,0.0,0.0
2026-01-08 02:00:00,0.0,0.6853182000000001,0.0,0.0,0.6853182000000001,0.0,0.0,0.0
2026-01-08 02:15:00,0.0,0.5245670800000001,0.0,0.0,0.5245670800000001,0.0,0.0,0.0
2026-01-08 02:30:00,0.0,0.55539576,0.0,0.0,0.55539576,0.0,0.0,0.0
2026-01-08 02:45:00,0.0,0.7066692,0.0,0.0,0.7066692,0.0,0.0,0.0
2026-01-08 03:00:00,0.0,0.69139032,0.0,0.0,0.69139032,0.0,0.0,0.0
2026-01-08 03:15:00,0.0,0.5505994799999999,0.0,0.0,0.5505994799999999,0.0,0.0,0.0
2026-01-08 03:30:00,0.0,0.53113476,0.0,0.0,0.53113476,0.0,0.0,0.0
2026-01-08 03:45:00,0.0,0.6676295999999999,0.0,0.0,0.6676295999999999,0.0,0.0,0.0
2026-01-08 04:00:00,0.0,0.73520948,0.0,0.0,0.73520948,0.0,0.0,0.0
2026-01-08 04:15:00,0.0,0.5096854000000001,0.0,0.0,0.5096854000000001,0.0,0.0,0.0
2026-01-08 04:30:00,0.0,0.52056072,0.0,0.0,0.52056072,0.0,0.0,0.0
2026-01-08 04:45:00,0.0,0.6975101699999999,0.0,0.0,0.6975101699999999,0.0,0.0,0.0
2026-01-08 05:00:00,0.0,0.71196753,0.0,0.0,0.71196753,0.0,0.0,0.0
2026-01-08 05:15:00,0.0,0.53994366,0.0,0.0,0.53994366,0.0,0.0,0.0
2026-01-08 05:30:00,0.0,0.9936959,0.0,0.0,0.9936959,0.0,0.0,0.0
2026-01-08 05:45:00,0.0,1.01435427,0.0,0.0,1.01435427,0.0,0.0,0.0
2026-01-08 06:00:00,0.0,0.70924378,0.0,0.0,0.70924378,0.0,0.0,0.0
2026-01-08 06:15:00,0.0,0.5764586,0.0,0.0,0.5764586,0.0,0.0,0.0
2026-01-08 06:30:00,0.0,0.56349108,0.0,0.0,0.56349108,0.0,0.0,0.0
2026-01-08 06:45:00,0.0,0.6361889599999999,0.0,0.0,0.6361889599999999,0.0,0.0,0.0
2026-01-08 07:00:00,0.0,0.66732556,0.0,0.0,0.66732556,0.0,0.0,0.0
2026-01-08 07:15:00,0.0,0.57768164,0.0,0.0,0.57768164,0.0,0.0,0.0
2026-01-08 07:30:00,0.0,0.6500964,0.0,0.0,0.6500964,0.0,0.0,0.0
2026-01-08 07:45:00,0.0,0.6565726399999999,0.0,0.0,0.6565726399999999,0.0,0.0,0.0
2026-01-08 08:00:00,0.0,0.69139392,0.0,0.0,0.69139392,0.0,0.0,0.0
2026-01-08 08:15:00,0.0,0.61668988,0.0,0.0,0.61668988,0.0,0.0,0.0
2026-01-08 08:30:00,0.0,0.69167139,0.0,0.0,0.69167139,0.0,0.0,0.0
2026-01-08 08:45:00,0.0,0.6954728699999999,0.0,0.0,0.6954728699999999,0.0,0.0,0.0
2026-01-08 09:00:00,0.0,0.6717110799999999,0.0,0.0,0.6717110799999999,0.0,0.0,0.0
2026-01-08 09:15:00,0.0005635884399999,0.81609708844,0.0,0.0,0.81609708844,0.0005635884399999,0.0,0.0
2026-01-08 09:30:00,0.024417933,0.699648103,0.0,0.0,0.699648103,0.024417933,0.0,0.0
2026-01-08 09:45:00,0.03605978,0.62157604,0.0,0.0,0.62157604,0.03605978,0.0,0.0
2026-01-08 10:00:00,0.08369458,0.82378381,0.0,0.0,0.82378381,0.08369458,0.0,0.0
2026-01-08 10:15:00,0.1154705,0.61897412,0.0,0.0,0.61897412,0.1154705,0.0,0.0
2026-01-08 10:30:00,0.24595708,0.75119623,0.0,0.0,0.75119623,0.24595708,0.0,0.0
2026-01-08 10:45:00,0.28625284,0.696160506,0.009500438,0.0,0.696160506,0.28625284,0.0,0.0
2026-01-08 11:00:00,0.33941418,0.7124743760000001,0.0004146982699999,0.0,0.7124743760000001,0.33941418,0.0,0.0
2026-01-08 11:15:00,0.2006548,0.76207592,0.0,0.0,0.76207592,0.2006548,0.0,0.0
2026-01-08 11:30:00,0.22937833,1.2747450299999998,0.0,0.0,1.2747450299999998,0.22937833,0.0,0.0
2026-01-08 11:45:00,0.27431616,0.73789799,0.0,0.0,0.73789799,0.27431616,0.0,0.0
2026-01-08 12:00:00,0.23769174,0.72594243,0.0,0.0,0.72594243,0.23769174,0.0,0.0
2026-01-08 12:15:00,0.2251665199999999,0.7211215799999999,0.0,0.0,0.7211215799999999,0.2251665199999999,0.0,0.0
2026-01-08 12:30:00,0.22758868,1.85733938,0.0,0.0,1.85733938,0.22758868,0.0,0.0
2026-01-08 12:45:00,0.1968448,2.02332657,0.0,0.0,2.02332657,0.1968448,0.0,0.0
2026-01-08 13:00:00,0.20182726,2.20534126,0.0,0.0,2.20534126,0.20182726,0.0,0.0
2026-01-08 13:15:00,0.1990699199999999,0.85306741,0.0,0.0,0.85306741,0.1990699199999999,0.0,0.0
2026-01-08 13:30:00,0.24099748,0.83683128,0.0,0.0,0.83683128,0.24099748,0.0,0.0
2026-01-08 13:45:00,0.40390997,2.09760205,0.0019501444,0.0,2.09760205,0.40390997,0.0,0.0
2026-01-08 14:00:00,0.38941928,2.0858187900000003,0.0014479344999999,0.0,2.0858187900000003,0.38941928,0.0,0.0
2026-01-08 14:15:00,0.38418463,0.829061606,0.00024341075,0.0,0.829061606,0.38418463,0.0,0.0
2026-01-08 14:30:00,0.2623506499999999,0.79557287,0.0,0.0,0.79557287,0.2623506499999999,0.0,0.0
2026-01-08 14:45:00,0.1784953199999999,0.6060646000000001,0.0,0.0,0.6060646000000001,0.1784953199999999,0.0,0.0
2026-01-08 15:00:00,0.1449137,0.57514067,0.0,0.0,0.57514067,0.1449137,0.0,0.0
2026-01-08 15:15:00,0.0939295,0.67962024,0.0,0.0,0.67962024,0.0939295,0.0,0.0
2026-01-08 15:30:00,0.05936627,1.52851772,0.0,0.0,1.52851772,0.05936627,0.0,0.0
2026-01-08 15:45:00,0.041863174,0.513247844,0.0,0.0,0.513247844,0.041863174,0.0,0.0
2026-01-08 16:00:00,0.02230506,0.4593989599999999,0.0,0.0,0.4593989599999999,0.02230506,0.0,0.0
2026-01-08 16:15:00,0.0,0.6140446799999999,0.0,0.0,0.6140446799999999,0.0,0.0,0.0
2026-01-08 16:30:00,0.0,0.91591913,0.0,0.0,0.91591913,0.0,0.0,0.0
2026-01-08 16:45:00,0.0,0.71321685,0.0,0.0,0.71321685,0.0,0.0,0.0
2026-01-08 17:00:00,0.0,0.8338351500000001,0.0,0.0,0.8338351500000001,0.0,0.0,0.0
2026-01-08 17:15:00,0.0,0.90354871,0.0,0.0,0.90354871,0.0,0.0,0.0
2026-01-08 17:30:00,0.0,0.9922568,0.0,0.0,0.9922568,0.0,0.0,0.0
2026-01-08 17:45:00,0.0,2.2400661,0.0,0.0,2.2400661,0.0,0.0,0.0
2026-01-08 18:00:00,0.0,0.8335324399999999,0.0,0.0,0.8335324399999999,0.0,0.0,0.0
2026-01-08 18:15:00,0.0,0.8977376100000001,0.0,0.0,0.8977376100000001,0.0,0.0,0.0
2026-01-08 18:30:00,0.0,1.09758845,0.0,0.0,1.09758845,0.0,0.0,0.0
2026-01-08 18:45:00,0.0,0.7780689999999999,0.0,0.0,0.7780689999999999,0.0,0.0,0.0
2026-01-08 19:00:00,0.0,0.89360254,0.0,0.0,0.89360254,0.0,0.0,0.0
2026-01-08 19:15:00,0.0,1.117471,0.0,0.0,1.117471,0.0,0.0,0.0
2026-01-08 19:30:00,0.0,1.0834584,0.0,0.0,1.0834584,0.0,0.0,0.0
2026-01-08 19:45:00,0.0,2.6079388,0.0,0.0,2.6079388,0.0,0.0,0.0
2026-01-08 20:00:00,0.0,0.71815234,0.0,0.0,0.71815234,0.0,0.0,0.0
2026-01-08 20:15:00,0.0,0.7985952,0.0,0.0,0.7985952,0.0,0.0,0.0
2026-01-08 20:30:00,0.0,0.92387036,0.0,0.0,0.92387036,0.0,0.0,0.0
2026-01-08 20:45:00,0.0,0.81807006,0.0,0.0,0.81807006,0.0,0.0,0.0
2026-01-08 21:00:00,0.0,0.74951026,0.0,0.0,0.74951026,0.0,0.0,0.0
2026-01-08 21:15:00,0.0,0.859617,0.0,0.0,0.859617,0.0,0.0,0.0
2026-01-08 21:30:00,0.0,0.7012929,0.0,0.0,0.7012929,0.0,0.0,0.0
2026-01-08 21:45:00,0.0,2.2466042,0.0,0.0,2.2466042,0.0,0.0,0.0
2026-01-08 22:00:00,0.0,0.81530384,0.0,0.0,0.81530384,0.0,0.0,0.0
2026-01-08 22:15:00,0.0,0.8294597199999999,0.0,0.0,0.8294597199999999,0.0,0.0,0.0
2026-01-08 22:30:00,0.0,0.87689576,0.0,0.0,0.87689576,0.0,0.0,0.0
2026-01-08 22:45:00,0.0,0.8050488,0.0,0.0,0.8050488,0.0,0.0,0.0
2026-01-08 23:00:00,0.0,0.82052692,0.0,0.0,0.82052692,0.0,0.0,0.0
2026-01-08 23:15:00,0.0,0.82634168,0.0,0.0,0.82634168,0.0,0.0,0.0
2026-01-08 23:30:00,0.0,0.88260328,0.0,0.0,0.88260328,0.0,0.0,0.0
2026-01-08 23:45:00,0.0,0.95210272,0.0,0.0,0.95210272,0.0,0.0,0.0
2026-01-09 00:00:00,0.0,0.7567854599999999,0.0,0.0,0.7567854599999999,0.0,0.0,0.0
2026-01-09 00:15:00,0.0,0.61004132,0.0,0.0,0.61004132,0.0,0.0,0.0
2026-01-09 00:30:00,0.0,0.61019152,0.0,0.0,0.61019152,0.0,0.0,0.0
2026-01-09 00:45:00,0.0,0.6423713400000001,0.0,0.0,0.6423713400000001,0.0,0.0,0.0
2026-01-09 01:00:00,0.0,0.6432476,0.0,0.0,0.6432476,0.0,0.0,0.0
2026-01-09 01:15:00,0.0,0.6082000000000001,0.0,0.0,0.6082000000000001,0.0,0.0,0.0
2026-01-09 01:30:00,0.0,0.6160328399999999,0.0,0.0,0.6160328399999999,0.0,0.0,0.0
2026-01-09 01:45:00,0.0,0.65812244,0.0,0.0,0.65812244,0.0,0.0,0.0
2026-01-09 02:00:00,0.0,0.6664185199999999,0.0,0.0,0.6664185199999999,0.0,0.0,0.0
2026-01-09 02:15:00,0.0,0.59011274,0.0,0.0,0.59011274,0.0,0.0,0.0
2026-01-09 02:30:00,0.0,0.5615074,0.0,0.0,0.5615074,0.0,0.0,0.0
2026-01-09 02:45:00,0.0,0.6465476,0.0,0.0,0.6465476,0.0,0.0,0.0
2026-01-09 03:00:00,0.0,0.62839434,0.0,0.0,0.62839434,0.0,0.0,0.0
2026-01-09 03:15:00,0.0,0.5802218,0.0,0.0,0.5802218,0.0,0.0,0.0
2026-01-09 03:30:00,0.0,0.549765,0.0,0.0,0.549765,0.0,0.0,0.0
2026-01-09 03:45:00,0.0,0.62090204,0.0,0.0,0.62090204,0.0,0.0,0.0
2026-01-09 04:00:00,0.0,0.68172784,0.0,0.0,0.68172784,0.0,0.0,0.0
2026-01-09 04:15:00,0.0,0.57199744,0.0,0.0,0.57199744,0.0,0.0,0.0
2026-01-09 04:30:00,0.0,0.49861763,0.0,0.0,0.49861763,0.0,0.0,0.0
2026-01-09 04:45:00,0.0,0.69406083,0.0,0.0,0.69406083,0.0,0.0,0.0
2026-01-09 05:00:00,0.0,0.6887298,0.0,0.0,0.6887298,0.0,0.0,0.0
2026-01-09 05:15:00,0.0,0.6059779,0.0,0.0,0.6059779,0.0,0.0,0.0
2026-01-09 05:30:00,0.0,0.5255374,0.0,0.0,0.5255374,0.0,0.0,0.0
2026-01-09 05:45:00,0.0,0.57815386,0.0,0.0,0.57815386,0.0,0.0,0.0
2026-01-09 06:00:00,0.0,0.6211496,0.0,0.0,0.6211496,0.0,0.0,0.0
2026-01-09 06:15:00,0.0,0.49627648,0.0,0.0,0.49627648,0.0,0.0,0.0
2026-01-09 06:30:00,0.0,0.51624444,0.0,0.0,0.51624444,0.0,0.0,0.0
2026-01-09 06:45:00,0.0,0.6067846,0.0,0.0,0.6067846,0.0,0.0,0.0
2026-01-09 07:00:00,0.0,0.7492620799999999,0.0,0.0,0.7492620799999999,0.0,0.0,0.0
2026-01-09 07:15:00,0.0,0.9449837,0.0,0.0,0.9449837,0.0,0.0,0.0
2026-01-09 07:30:00,0.0,0.66833638,0.0,0.0,0.66833638,0.0,0.0,0.0
2026-01-09 07:45:00,0.0,0.69093616,0.0,0.0,0.69093616,0.0,0.0,0.0
2026-01-09 08:00:00,0.0,0.9377748,0.0,0.0,0.9377748,0.0,0.0,0.0
2026-01-09 08:15:00,0.046837822,0.674318262,0.0,0.0,0.674318262,0.046837822,0.0,0.0
2026-01-09 08:30:00,0.12527081,0.48116217,0.0,0.0,0.48116217,0.12527081,0.0,0.0
2026-01-09 08:45:00,0.17690144,0.5906171900000001,0.0,0.0,0.5906171900000001,0.17690144,0.0,0.0
2026-01-09 09:00:00,0.35762808,0.620139805,0.0617672499999999,0.0,0.620139805,0.35762808,0.0,0.0
2026-01-09 09:15:00,0.07480494,0.757799425,0.0016274338,0.0,0.757799425,0.07480494,0.0,0.0
2026-01-09 09:30:00,0.5239961,1.53468983,0.0,0.0,1.53468983,0.5239961,0.0,0.0
2026-01-09 09:45:00,0.8213701999999999,0.72049958,0.52851904,0.0,0.72049958,0.8213701999999999,0.0,0.0
2026-01-09 10:00:00,0.5053618,0.69669919,0.1600836799999999,0.0,0.69669919,0.5053618,0.0,0.0
2026-01-09 10:15:00,0.7064651,2.37563823,0.022777205,0.0,2.37563823,0.7064651,0.0,0.0
2026-01-09 10:30:00,0.2716053499999999,0.20389227,0.28916397,0.0,0.20389227,0.2716053499999999,0.0,0.0
2026-01-09 10:45:00,1.142115,0.7957766000000001,0.7442267,0.0,0.7957766000000001,1.142115,0.0,0.0
2026-01-09 11:00:00,1.238731,0.8783286029999999,0.8522846,0.0,0.8783286029999999,1.238731,0.0,0.0
2026-01-09 11:15:00,3.354217,0.69682354,3.0058052,0.0,0.69682354,3.354217,0.0,0.0
2026-01-09 11:30:00,1.2854269,0.8137195340000001,0.8837471,0.0,0.8137195340000001,1.2854269,0.0,0.0
2026-01-09 11:45:00,1.1554358999999998,2.2641856,0.11990899,0.0,2.2641856,1.1554358999999998,0.0,0.0
2026-01-09 12:00:00,2.0292538,2.5898750221,0.73494147,0.0,2.5898750221,2.0292538,0.0,0.0
2026-01-09 12:15:00,2.3115254,3.71300994,0.47221497,0.0,3.71300994,2.3115254,0.0,0.0
2026-01-09 12:30:00,4.7637495,1.5813246,3.9730872,0.0,1.5813246,4.7637495,0.0,0.0
2026-01-09 12:45:00,4.678876,1.30316992,4.0272913,0.0,1.30316992,4.678876,0.0,0.0
2026-01-09 13:00:00,5.157763,0.99201386,4.6617560000000005,0.0,0.99201386,5.157763,0.0,0.0
2026-01-09 13:15:00,4.153536,8.46752597,0.0,0.0,8.46752597,4.153536,0.0,0.0
2026-01-09 13:30:00,2.127415,4.328663636,0.0,0.0,4.328663636,2.127415,0.0,0.0
2026-01-09 13:45:00,0.5954302,1.208064743,0.0,0.0,1.208064743,0.5954302,0.0,0.0
2026-01-09 14:00:00,1.4582855,2.8263802,0.04509551,0.0,2.8263802,1.4582855,0.0,0.0
2026-01-09 14:15:00,5.3424263000000005,6.4935494,2.0956514000000004,0.0,6.4935494,5.3424263000000005,0.0,0.0
2026-01-09 14:30:00,4.955921,1.1138720800000002,4.398985,0.0,1.1138720800000002,4.955921,0.0,0.0
2026-01-09 14:45:00,4.6287754,1.03135632,4.113097,0.0,1.03135632,4.6287754,0.0,0.0
2026-01-09 15:00:00,3.0943916,1.04529406,2.5717444,0.0,1.04529406,3.0943916,0.0,0.0
2026-01-09 15:15:00,1.5310333,1.1291056458700002,0.9668957,0.0,1.1291056458700002,1.5310333,0.0,0.0
2026-01-09 15:30:00,0.5492334,1.0952456275,0.0038262227,0.0,1.0952456275,0.5492334,0.0,0.0
2026-01-09 15:45:00,1.2497976000000002,2.52419551,0.00028592935,0.0,2.52419551,1.2497976000000002,0.0,0.0
2026-01-09 16:00:00,0.5298903,0.66374176,0.19801941,0.0,0.66374176,0.5298903,0.0,0.0
2026-01-09 16:15:00,0.45560822,0.8814226087999999,0.015879664,0.0,0.8814226087999999,0.45560822,0.0,0.0
2026-01-09 16:30:00,0.45859363,0.9094771732,0.004526293,0.0,0.9094771732,0.45859363,0.0,0.0
2026-01-09 16:45:00,0.7738261,1.558936536,0.00032255808,0.0,1.558936536,0.7738261,0.0,0.0
2026-01-09 17:00:00,0.49520483,0.9862002547,0.0021775777,0.0,0.9862002547,0.49520483,0.0,0.0
2026-01-09 17:15:00,0.52212103,1.043166,0.0005380456,0.0,1.043166,0.52212103,0.0,0.0
2026-01-09 17:30:00,0.68410614,1.366413705,0.0031713893,0.0,1.366413705,0.68410614,0.0,0.0
2026-01-09 17:45:00,0.6324207000000001,1.2591288,0.0028563005999999,0.0,1.2591288,0.6324207000000001,0.0,0.0
2026-01-09 18:00:00,0.6065636600000001,1.2147858101,0.0014212059,0.0,1.2147858101,0.6065636600000001,0.0,0.0
2026-01-09 18:15:00,0.3275626199999999,0.664590285,0.0,0.0,0.664590285,0.3275626199999999,0.0,0.0
2026-01-09 18:30:00,0.42956055,0.8597716146600001,0.0005635846,0.0,0.8597716146600001,0.42956055,0.0,0.0
2026-01-09 18:45:00,0.42659564,0.8593268305999999,7.6154075e-06,0.0,0.8593268305999999,0.42659564,0.0,0.0
2026-01-09 19:00:00,0.3739218,0.7549366390000001,0.0,0.0,0.7549366390000001,0.3739218,0.0,0.0
2026-01-09 19:15:00,0.3533256,0.70138990517,0.0029454498,0.0,0.70138990517,0.3533256,0.0,0.0
2026-01-09 19:30:00,0.35306296,0.712570525,0.0,0.0,0.712570525,0.35306296,0.0,0.0
2026-01-09 19:45:00,0.45096942,0.90371262976,0.0,0.0,0.90371262976,0.45096942,0.0,0.0
2026-01-09 20:00:00,0.36823315,0.7405320285,0.0001714346599999,0.0,0.7405320285,0.36823315,0.0,0.0
2026-01-09 20:15:00,0.3600055199999999,0.71551556798,0.00264947,0.0,0.71551556798,0.3600055199999999,0.0,0.0
2026-01-09 20:30:00,0.40270776,0.800491997403,0.002484309,0.0,0.800491997403,0.40270776,0.0,0.0
2026-01-09 20:45:00,0.40236176,0.80088775912,0.001980907,0.0,0.80088775912,0.40236176,0.0,0.0
2026-01-09 21:00:00,0.35600333,0.7132368757,0.0007810139,0.0,0.7132368757,0.35600333,0.0,0.0
2026-01-09 21:15:00,0.3675689,0.7370018338,0.0003188273,0.0,0.7370018338,0.3675689,0.0,0.0
2026-01-09 21:30:00,0.39924786,0.8025298366,0.0015358925,0.0,0.8025298366,0.39924786,0.0,0.0
2026-01-09 21:45:00,0.47019357,0.937662089,0.002879594,0.0,0.937662089,0.47019357,0.0,0.0
2026-01-09 22:00:00,0.30583347,0.552607980534,0.02957188,0.0,0.552607980534,0.30583347,0.0,0.0
2026-01-09 22:15:00,0.3026275,0.6098350676,0.0,0.0,0.6098350676,0.3026275,0.0,0.0
2026-01-09 22:30:00,1.1113613,2.2327961074,0.0,0.0,2.2327961074,1.1113613,0.0,0.0
2026-01-09 22:45:00,0.52506305,1.0519644356,0.0012775488,0.0,1.0519644356,0.52506305,0.0,0.0
2026-01-09 23:00:00,0.49913443,0.9990737256,0.002472662,0.0,0.9990737256,0.49913443,0.0,0.0
2026-01-09 23:15:00,0.46223853,0.92345858988,0.000936917,0.0,0.92345858988,0.46223853,0.0,0.0
2026-01-09 23:30:00,0.47270505,0.9506600936,4.270935e-05,0.0,0.9506600936,0.47270505,0.0,0.0
2026-01-09 23:45:00,0.5501585,1.1033066481999998,0.00040932035,0.0,1.1033066481999998,0.5501585,0.0,0.0
2026-01-10 00:00:00,0.5041055600000001,1.0115215468,0.0003543717,0.0,1.0115215468,0.5041055600000001,0.0,0.0
2026-01-10 00:15:00,0.409415,0.77987733514,0.019954668,0.0,0.77987733514,0.409415,0.0,0.0
2026-01-10 00:30:00,0.30065875,0.608589726,0.0,0.0,0.608589726,0.30065875,0.0,0.0
2026-01-10 00:45:00,0.3957933,0.7889535563800001,0.0015909945,0.0,0.7889535563800001,0.3957933,0.0,0.0
2026-01-10 01:00:00,0.2997884,0.5952422393000001,0.0032491963,0.0,0.5952422393000001,0.2997884,0.0,0.0
2026-01-10 01:15:00,0.25931567,0.5091681,0.004731623,0.0,0.5091681,0.25931567,0.0,0.0
2026-01-10 01:30:00,0.29678482,0.5971252516000001,0.0,0.0,0.5971252516000001,0.29678482,0.0,0.0
2026-01-10 01:45:00,0.3323260799999999,0.6253410617,0.0200515839999999,0.0,0.6253410617,0.3323260799999999,0.0,0.0
2026-01-10 02:00:00,0.32181787,0.63517332273,0.0047347617,0.0,0.63517332273,0.32181787,0.0,0.0
2026-01-10 02:15:00,0.2455741,0.5077519779999999,0.0007778752399999,0.0,0.5077519779999999,0.2455741,0.0,0.0
2026-01-10 02:30:00,0.3164942599999999,0.6335505927,0.0013758087,0.0,0.6335505927,0.3164942599999999,0.0,0.0
2026-01-10 02:45:00,0.33818683,0.6719844561199999,0.0026906865,0.0,0.6719844561199999,0.33818683,0.0,0.0
2026-01-10 03:00:00,0.30690918,0.6128569788,0.0010006815,0.0,0.6128569788,0.30690918,0.0,0.0
2026-01-10 03:15:00,0.27106674,0.5369388,0.0025973537,0.0,0.5369388,0.27106674,0.0,0.0
2026-01-10 03:30:00,0.3170735,0.6347505478,4.793803e-05,0.0,0.6347505478,0.3170735,0.0,0.0
2026-01-10 03:45:00,0.3190367699999999,0.63334714378,0.002745793,0.0,0.63334714378,0.3190367699999999,0.0,0.0
2026-01-10 04:00:00,0.32468417,0.6517084149,0.0,0.0,0.6517084149,0.32468417,0.0,0.0
2026-01-10 04:15:00,0.0,0.56292096,0.0,0.0,0.56292096,0.0,0.0,0.0
2026-01-10 04:30:00,0.0,0.6750984,0.0,0.0,0.6750984,0.0,0.0,0.0
2026-01-10 04:45:00,0.0,0.5543622800000001,0.0,0.0,0.5543622800000001,0.0,0.0,0.0
2026-01-10 05:00:00,0.0,0.7109046600000001,0.0,0.0,0.7109046600000001,0.0,0.0,0.0
2026-01-10 05:15:00,0.0,0.59286108,0.0,0.0,0.59286108,0.0,0.0,0.0
2026-01-10 05:30:00,0.0,0.64296868,0.0,0.0,0.64296868,0.0,0.0,0.0
2026-01-10 05:45:00,0.0,0.58364814,0.0,0.0,0.58364814,0.0,0.0,0.0
2026-01-10 06:00:00,0.0,0.5520244,0.0,0.0,0.5520244,0.0,0.0,0.0
2026-01-10 06:15:00,0.0,0.5387295599999999,0.0,0.0,0.5387295599999999,0.0,0.0,0.0
2026-01-10 06:30:00,0.0,0.654025,0.0,0.0,0.654025,0.0,0.0,0.0
2026-01-10 06:45:00,0.0,0.74176104,0.0,0.0,0.74176104,0.0,0.0,0.0
2026-01-10 07:00:00,0.0,0.65927948,0.0,0.0,0.65927948,0.0,0.0,0.0
2026-01-10 07:15:00,0.0,0.6251258000000001,0.0,0.0,0.6251258000000001,0.0,0.0,0.0
2026-01-10 07:30:00,0.0,0.9700589,0.0,0.0,0.9700589,0.0,0.0,0.0
2026-01-10 07:45:00,0.0,0.59022818,0.0,0.0,0.59022818,0.0,0.0,0.0
2026-01-10 08:00:00,0.0,0.72860236,0.0,0.0,0.72860236,0.0,0.0,0.0
2026-01-10 08:15:00,0.0,0.82769004,0.0,0.0,0.82769004,0.0,0.0,0.0
2026-01-10 08:30:00,0.04823212,0.68363602,0.0,0.0,0.68363602,0.04823212,0.0,0.0
2026-01-10 08:45:00,0.1443314399999999,0.5669966099999999,0.0,0.0,0.5669966099999999,0.1443314399999999,0.0,0.0
2026-01-10 09:00:00,0.14385307,0.60696229,0.0,0.0,0.60696229,0.14385307,0.0,0.0
2026-01-10 09:15:00,0.1835337199999999,0.69437028,0.0,0.0,0.69437028,0.1835337199999999,0.0,0.0
2026-01-10 09:30:00,0.3065292,0.6107207597,0.0020469105,0.0,0.6107207597,0.3065292,0.0,0.0
2026-01-10 09:45:00,0.27940015,0.5541285974,0.004139521,0.0,0.5541285974,0.27940015,0.0,0.0
2026-01-10 10:00:00,0.31960895,0.6349152816200001,0.0022044601,0.0,0.6349152816200001,0.31960895,0.0,0.0
2026-01-10 10:15:00,0.3589341,0.7220665694,0.00049533844,0.0,0.7220665694,0.3589341,0.0,0.0
2026-01-10 10:30:00,0.7724417,0.6085282670000001,0.47136093,0.0,0.6085282670000001,0.7724417,0.0,0.0
2026-01-10 10:45:00,0.39277042,0.788790298,0.0005246073599999,0.0,0.788790298,0.39277042,0.0,0.0
2026-01-10 11:00:00,1.060385,2.123811151,0.0012360281,0.0,2.123811151,1.060385,0.0,0.0
2026-01-10 11:15:00,0.5328058499999999,0.992792241,0.0392115,0.0,0.992792241,0.5328058499999999,0.0,0.0
2026-01-10 11:30:00,0.4786612,0.9616121278,0.0015109547,0.0,0.9616121278,0.4786612,0.0,0.0
2026-01-10 11:45:00,0.35588193,0.7065724,0.0025957157999999,0.0,0.7065724,0.35588193,0.0,0.0
2026-01-10 12:00:00,0.4303259,0.85899629277,0.0012739664,0.0,0.85899629277,0.4303259,0.0,0.0
2026-01-10 12:15:00,0.59349207,1.1893731738,0.0010956625,0.0,1.1893731738,0.59349207,0.0,0.0
2026-01-10 12:30:00,0.40186374,0.8022738473,0.0020046512999999,0.0,0.8022738473,0.40186374,0.0,0.0
2026-01-10 12:45:00,0.6867442600000001,0.72273241796,0.3262025,0.0,0.72273241796,0.6867442600000001,0.0,0.0
2026-01-10 13:00:00,0.94964716,1.954906622,0.0040064797,0.0,1.954906622,0.94964716,0.0,0.0
2026-01-10 13:15:00,1.0456207,2.0871610401000003,0.0027483304,0.0,2.0871610401000003,1.0456207,0.0,0.0
2026-01-10 13:30:00,0.3814937,1.41423218,0.0,0.0,1.41423218,0.3814937,0.0,0.0
2026-01-10 13:45:00,0.7700582,1.5387449555,0.0033945007,0.0,1.5387449555,0.7700582,0.0,0.0
2026-01-10 14:00:00,0.32481213,0.6503533537,0.00050877887,0.0,0.6503533537,0.32481213,0.0,0.0
2026-01-10 14:15:00,0.42606516,0.8558755647,0.0015853227,0.0,0.8558755647,0.42606516,0.0,0.0
2026-01-10 14:30:00,0.38728787,0.7849565168,0.0,0.0,0.7849565168,0.38728787,0.0,0.0
2026-01-10 14:45:00,0.36986203,0.7375814089000001,0.0017056834,0.0,0.7375814089000001,0.36986203,0.0,0.0
2026-01-10 15:00:00,0.2745569499999999,0.558747686,0.0017924473999999,0.0,0.558747686,0.2745569499999999,0.0,0.0
2026-01-10 15:15:00,0.30465442,0.6150656157000001,0.00084313583,0.0,0.6150656157000001,0.30465442,0.0,0.0
2026-01-10 15:30:00,0.40162296,0.8131091307,0.0005650762,0.0,0.8131091307,0.40162296,0.0,0.0
2026-01-10 15:45:00,0.36838232,0.7384787027,0.00026297507,0.0,0.7384787027,0.36838232,0.0,0.0
2026-01-10 16:00:00,0.99902625,2.054887478,0.0017155405,0.0,2.054887478,0.99902625,0.0,0.0
2026-01-10 16:15:00,0.39256384,0.7897083114,6.794738999999999e-05,0.0,0.7897083114,0.39256384,0.0,0.0
2026-01-10 16:30:00,0.0,1.02579422,0.0,0.0,1.02579422,0.0,0.0,0.0
2026-01-10 16:45:00,0.0,0.8807055,0.0,0.0,0.8807055,0.0,0.0,0.0
2026-01-10 17:00:00,0.0,1.35522412,0.0,0.0,1.35522412,0.0,0.0,0.0
2026-01-10 17:15:00,0.0,0.98233674,0.0,0.0,0.98233674,0.0,0.0,0.0
2026-01-10 17:30:00,0.0,0.9052264,0.0,0.0,0.9052264,0.0,0.0,0.0
2026-01-10 17:45:00,0.0,0.95267706,0.0,0.0,0.95267706,0.0,0.0,0.0
2026-01-10 18:00:00,0.0,6.9638422,0.0,0.0,6.9638422,0.0,0.0,0.0
2026-01-10 18:15:00,0.0,2.8858752,0.0,0.0,2.8858752,0.0,0.0,0.0
2026-01-10 18:30:00,0.0,1.0537628,0.0,0.0,1.0537628,0.0,0.0,0.0
2026-01-10 18:45:00,0.0,0.93145917,0.0,0.0,0.93145917,0.0,0.0,0.0
2026-01-10 19:00:00,0.0,0.95738104,0.0,0.0,0.95738104,0.0,0.0,0.0
2026-01-10 19:15:00,0.0,1.6268608,0.0,0.0,1.6268608,0.0,0.0,0.0
2026-01-10 19:30:00,0.0,0.93798896,0.0,0.0,0.93798896,0.0,0.0,0.0
2026-01-10 19:45:00,0.0,1.173234,0.0,0.0,1.173234,0.0,0.0,0.0
2026-01-10 20:00:00,0.0,2.3928392,0.0,0.0,2.3928392,0.0,0.0,0.0
2026-01-10 20:15:00,0.0,0.8889135199999999,0.0,0.0,0.8889135199999999,0.0,0.0,0.0
2026-01-10 20:30:00,0.0,1.0700061,0.0,0.0,1.0700061,0.0,0.0,0.0
2026-01-10 20:45:00,0.0,1.03482946,0.0,0.0,1.03482946,0.0,0.0,0.0
2026-01-10 21:00:00,0.0,0.92591144,0.0,0.0,0.92591144,0.0,0.0,0.0
2026-01-10 21:15:00,0.0,0.6963434,0.0,0.0,0.6963434,0.0,0.0,0.0
2026-01-10 21:30:00,0.0,0.80105206,0.0,0.0,0.80105206,0.0,0.0,0.0
2026-01-10 21:45:00,0.0,0.8757295,0.0,0.0,0.8757295,0.0,0.0,0.0
2026-01-10 22:00:00,0.0,0.94755884,0.0,0.0,0.94755884,0.0,0.0,0.0
2026-01-10 22:15:00,0.0,0.77372106,0.0,0.0,0.77372106,0.0,0.0,0.0
2026-01-10 22:30:00,0.0,0.73178204,0.0,0.0,0.73178204,0.0,0.0,0.0
2026-01-10 22:45:00,0.0,0.86757136,0.0,0.0,0.86757136,0.0,0.0,0.0
2026-01-10 23:00:00,0.0,0.8069820600000001,0.0,0.0,0.8069820600000001,0.0,0.0,0.0
2026-01-10 23:15:00,0.0,0.7373679200000001,0.0,0.0,0.7373679200000001,0.0,0.0,0.0
2026-01-10 23:30:00,0.0,0.7478515,0.0,0.0,0.7478515,0.0,0.0,0.0
2026-01-10 23:45:00,0.0,2.2803842,0.0,0.0,2.2803842,0.0,0.0,0.0
