timestamp,consumption,production,FeedIn
2026-01-01 00:00:00,0.6278093754,0.3125813,1.4783223e-05
2026-01-01 00:15:00,0.700829053,0.34810135000000003,4.7340393e-05
2026-01-01 00:30:00,0.8707604174,0.43671808,0.0019255015
2026-01-01 00:45:00,0.6364351923,0.3193016,0.0026018344999999997
2026-01-01 01:00:00,0.60153515,0.30095004,0.0022949524
2026-01-01 01:15:00,0.6448958332,0.3220589,0.0011155218
2026-01-01 01:30:00,0.8642423985000001,0.42875418000000004,0.0
2026-01-01 01:45:00,0.8199645337000001,0.40946435999999997,0.0007666728000000001
2026-01-01 02:00:00,2.3425108225,1.1717701,0.001201088
2026-01-01 02:15:00,0.5869925551999999,0.29193349999999996,0.0016122055
2026-01-01 02:30:00,0.8488879895,0.4210035,0.0
2026-01-01 02:45:00,0.6731728666,0.33212122,0.0
2026-01-01 03:00:00,0.5646330524000001,0.28221423,0.0010166626
2026-01-01 03:15:00,0.6270395999999999,0.0,0.0
2026-01-01 03:30:00,0.70697772,0.0,0.0
2026-01-01 03:45:00,0.65923376,0.0,0.0
2026-01-01 04:00:00,0.552559,0.0,0.0
2026-01-01 04:15:00,0.62758734,0.0,0.0
2026-01-01 04:30:00,0.71900268,0.0,0.0
2026-01-01 04:45:00,0.64866175,0.0,0.0
2026-01-01 05:00:00,0.5521446,0.0,0.0
2026-01-01 05:15:00,0.68340936,0.0,0.0
2026-01-01 05:30:00,0.64720228,0.0,0.0
2026-01-01 05:45:00,0.68727112,0.0,0.0
2026-01-01 06:00:00,0.6186951199999999,0.0,0.0
2026-01-01 06:15:00,0.64997126,0.0,0.0
2026-01-01 06:30:00,0.9925321699999999,0.0,0.0
2026-01-01 06:45:00,1.05602018,0.0,0.0
2026-01-01 07:00:00,0.60744794,0.0,0.0
2026-01-01 07:15:00,0.6484211400000001,0.0,0.0
2026-01-01 07:30:00,0.6414350600000001,0.0,0.0
2026-01-01 07:45:00,0.68492328,0.0,0.0
2026-01-01 08:00:00,0.84371631,0.0,0.0
2026-01-01 08:15:00,0.8271930839999999,0.054759754,0.0
2026-01-01 08:30:00,0.712912905,0.25014143,0.0
2026-01-01 08:45:00,0.7016976932000001,0.34784442,0.00050474805
2026-01-01 09:00:00,0.6714631393,0.5666584,0.23197978
2026-01-01 09:15:00,0.61076008,0.30958062999999997,0.0042005997
2026-01-01 09:30:00,0.58443316,0.29617123,0.0039546497
2026-01-01 09:45:00,0.701026267,0.31761276,0.004582592
2026-01-01 10:00:00,0.6395632440000001,0.31503341999999995,0.004751190000000001
2026-01-01 10:15:00,0.653836122,0.3086525,0.0
2026-01-01 10:30:00,0.715869155,0.3123358,0.0
2026-01-01 10:45:00,0.725429959,0.9909519,0.6421520000000001
2026-01-01 11:00:00,9.5554439,5.34111,0.595778
2026-01-01 11:15:00,13.97292568,6.9995712999999995,0.019004013
2026-01-01 11:30:00,13.9745350724,7.0216323,0.03992621
2026-01-01 11:45:00,16.5862562,7.8483335,0.01173954
2026-01-01 12:00:00,14.252615271,7.5636997,0.44158734
2026-01-01 12:15:00,14.25811,7.1545884,0.025532864
2026-01-01 12:30:00,14.031099471313,7.0593516,0.043819473000000005
2026-01-01 12:45:00,14.245627016,7.123123499999999,0.008135379
2026-01-01 13:00:00,15.310986470000001,7.1734404000000005,0.0
2026-01-01 13:15:00,9.747535687,4.853493,0.0
2026-01-01 13:30:00,0.6439137720000001,0.31371802000000004,0.0
2026-01-01 13:45:00,1.932945829,0.9597429,0.0032087238
2026-01-01 14:00:00,4.003798992,2.0044049999999998,0.01036
2026-01-01 14:15:00,1.9260867359999998,0.9583250000000001,0.0020455321999999997
2026-01-01 14:30:00,2.1325312582000002,1.0773195,0.013441643
2026-01-01 14:45:00,2.3734894384,1.1817971,0.0
2026-01-01 15:00:00,3.8744876417,1.9362004,0.0018635330000000001
2026-01-01 15:15:00,0.8753311055999999,0.43774722000000005,0.0016549084999999998
2026-01-01 15:30:00,1.77333816,0.42476602,0.00021041107
2026-01-01 15:45:00,5.71978661,2.682276,0.0039589844
2026-01-01 16:00:00,1.091452234,0.5428470999999999,0.0
2026-01-01 16:15:00,0.794962748,0.39150714,0.0
2026-01-01 16:30:00,0.8136424356999999,0.4083181,0.003841151
2026-01-01 16:45:00,0.8761174869999999,0.43762955,0.0021835525
2026-01-01 17:00:00,0.919370679,0.4599486,0.0026602242
2026-01-01 17:15:00,0.71685045358,0.35833713,0.00011677804999999999
2026-01-01 17:30:00,0.8370648192,0.41867815999999997,0.0017121061
2026-01-01 17:45:00,0.9791265133,0.49251932,0.006682667000000001
2026-01-01 18:00:00,1.04030250123,0.5206272000000001,0.00062137413
2026-01-01 18:15:00,1.0764947768,0.5365611,0.0
2026-01-01 18:30:00,0.8570677047499999,0.42987756,0.0018735352
2026-01-01 18:45:00,1.13975414506,0.56980475,0.00035466895
2026-01-01 19:00:00,3.8937778177999998,1.9556144,0.009864257999999999
2026-01-01 19:15:00,5.0144384,2.5340938,0.026874472
2026-01-01 19:30:00,0.7080689007,0.35479306000000005,0.0026000443
2026-01-01 19:45:00,1.119991077,0.53569946,0.00068932724
2026-01-01 20:00:00,0.916594235,0.45609863,0.0002508799
2026-01-01 20:15:00,2.8145725419999996,1.3554248,0.00025058493
2026-01-01 20:30:00,0.7378711099999999,0.36768878,0.0007916158
2026-01-01 20:45:00,0.839844198,0.4168079,0.0
2026-01-01 21:00:00,0.9627738573,0.48181226,0.0020455692
2026-01-01 21:15:00,0.7134273338,0.35745645000000004,0.0028949764
2026-01-01 21:30:00,0.6601622281,0.3316709,0.0024372685
2026-01-01 21:45:00,2.1641454919000003,1.0828126,0.0012638067
2026-01-01 22:00:00,0.88516251,0.44067874,0.00015336482000000002
2026-01-01 22:15:00,0.6632479321,0.32973610000000003,0.0
2026-01-01 22:30:00,0.7094065,0.0,0.0
2026-01-01 22:45:00,0.9869834,0.0,0.0
2026-01-01 23:00:00,0.91158832,0.0,0.0
2026-01-01 23:15:00,0.7368539399999999,0.0,0.0
2026-01-01 23:30:00,0.7024064,0.0,0.0
2026-01-01 23:45:00,0.7054978599999999,0.0,0.0
2026-01-02 00:00:00,0.7924678,0.0,0.0
2026-01-02 00:15:00,0.5935238,0.0,0.0
2026-01-02 00:30:00,0.6157336,0.0,0.0
2026-01-02 00:45:00,0.6842779,0.0,0.0
2026-01-02 01:00:00,0.67843952,0.0,0.0
2026-01-02 01:15:00,0.63329194,0.0,0.0
2026-01-02 01:30:00,0.5743581,0.0,0.0
2026-01-02 01:45:00,1.09640666,0.0,0.0
2026-01-02 02:00:00,1.0704374700000001,0.0,0.0
2026-01-02 02:15:00,0.6609948699999999,0.0,0.0
2026-01-02 02:30:00,0.6046686,0.0,0.0
2026-01-02 02:45:00,0.663304,0.0,0.0
2026-01-02 03:00:00,0.68381916,0.0,0.0
2026-01-02 03:15:00,0.6296215999999999,0.0,0.0
2026-01-02 03:30:00,0.6285126400000001,0.0,0.0
2026-01-02 03:45:00,0.673091,0.0,0.0
2026-01-02 04:00:00,0.6642254000000001,0.0,0.0
2026-01-02 04:15:00,0.65856092,0.0,0.0
2026-01-02 04:30:00,0.59727032,0.0,0.0
2026-01-02 04:45:00,0.72172174,0.0,0.0
2026-01-02 05:00:00,0.63941968,0.0,0.0
2026-01-02 05:15:00,0.6792107,0.0,0.0
2026-01-02 05:30:00,0.637288,0.0,0.0
2026-01-02 05:45:00,0.6362636,0.0,0.0
2026-01-02 06:00:00,0.70544556,0.0,0.0
2026-01-02 06:15:00,0.69765124,0.0,0.0
2026-01-02 06:30:00,1.0340601999999999,0.0,0.0
2026-01-02 06:45:00,0.68708148,0.0,0.0
2026-01-02 07:00:00,1.657861,0.0,0.0
2026-01-02 07:15:00,2.3114026,0.0,0.0
2026-01-02 07:30:00,1.8733833,0.0,0.0
2026-01-02 07:45:00,4.158294,0.0,0.0
2026-01-02 08:00:00,1.3088651199999999,0.0,0.0
2026-01-02 08:15:00,1.4822981,0.0,0.0
2026-01-02 08:30:00,1.2240909999999998,0.0,0.0
2026-01-02 08:45:00,1.71367468,0.0,0.0
2026-01-02 09:00:00,0.8947431499999999,0.0,0.0
2026-01-02 09:15:00,0.8628948000000001,0.0666649,0.0
2026-01-02 09:30:00,0.68104804,0.1468039,0.0
2026-01-02 09:45:00,0.6551445300000001,0.17448126,0.0
2026-01-02 10:00:00,0.51749574,0.11106035,0.0
2026-01-02 10:15:00,0.64565772,0.23518184,0.0
2026-01-02 10:30:00,0.73754961,0.19754846,0.0
2026-01-02 10:45:00,0.5820469859999999,0.22799153,0.0
2026-01-02 11:00:00,0.570046443,0.27984674000000004,0.008828738
2026-01-02 11:15:00,0.63319989,0.29482208000000004,0.013603221
2026-01-02 11:30:00,0.84012061,0.3333538,0.0
2026-01-02 11:45:00,0.54330541,0.25272247,0.0019305826
2026-01-02 12:00:00,0.5661905700000001,0.2904323,0.009655296
2026-01-02 12:15:00,0.64465861,0.28374829999999995,0.005585813
2026-01-02 12:30:00,0.77526373,0.27554794,0.0
2026-01-02 12:45:00,0.573168477,0.34731512,0.06406251
2026-01-02 13:00:00,0.5250458273,0.25860724,0.0
2026-01-02 13:15:00,0.6374880218,0.40115375,0.084895996
2026-01-02 13:30:00,0.7495119347,0.37826202000000003,0.004618135
2026-01-02 13:45:00,0.5951595988799999,0.29830063,0.0009557324000000001
2026-01-02 14:00:00,0.569211171,0.28370898,0.0012091521999999999
2026-01-02 14:15:00,0.6242054533,0.31146895999999996,0.00035167947
2026-01-02 14:30:00,0.80731042466,0.40726236,0.0045761694999999995
2026-01-02 14:45:00,0.62536962717,0.3122761,0.00030912018
2026-01-02 15:00:00,0.5695683564,0.28205347000000003,0.0007129186
2026-01-02 15:15:00,0.6386717546999999,0.31838342000000003,0.0014098562
2026-01-02 15:30:00,0.6983284057,0.34291983,0.0
2026-01-02 15:45:00,0.7026320859999999,0.3225422,0.00054342395
2026-01-02 16:00:00,0.398366929,0.23074745,0.03336943
2026-01-02 16:15:00,0.5109684023000001,0.2505229,0.0
2026-01-02 16:30:00,0.634583681,0.3168921,0.002574506
2026-01-02 16:45:00,0.7087908042,0.3542889,0.0014428596
2026-01-02 17:00:00,0.5662184295,0.28217365,0.0018261973
2026-01-02 17:15:00,0.6608221962999999,0.32920940000000004,0.00048578134
2026-01-02 17:30:00,0.5778282509000001,0.28944052,0.0017694483000000002
2026-01-02 17:45:00,0.7245167050000001,0.35645676,0.0004108162
2026-01-02 18:00:00,0.5974866165399999,0.30054604999999995,0.0024952087
2026-01-02 18:15:00,0.714522404,0.24559586,0.0
2026-01-02 18:30:00,0.53851776,0.0,0.0
2026-01-02 18:45:00,0.6210954200000001,0.0,0.0
2026-01-02 19:00:00,0.76759705,0.0,0.0
2026-01-02 19:15:00,0.64614472,0.0,0.0
2026-01-02 19:30:00,0.6227884,0.0,0.0
2026-01-02 19:45:00,0.5483905,0.0,0.0
2026-01-02 20:00:00,0.70977088,0.0,0.0
2026-01-02 20:15:00,0.6584931,0.0,0.0
2026-01-02 20:30:00,0.55342272,0.0,0.0
2026-01-02 20:45:00,0.5296608,0.0,0.0
2026-01-02 21:00:00,0.66091944,0.0,0.0
2026-01-02 21:15:00,0.7373584,0.0,0.0
2026-01-02 21:30:00,0.55922974,0.0,0.0
2026-01-02 21:45:00,0.63581952,0.0,0.0
2026-01-02 22:00:00,0.75976026,0.0,0.0
2026-01-02 22:15:00,0.71325274,0.0,0.0
2026-01-02 22:30:00,0.59968768,0.0,0.0
2026-01-02 22:45:00,0.5513863999999999,0.0,0.0
2026-01-02 23:00:00,0.7920155600000001,0.0,0.0
2026-01-02 23:15:00,0.6943838600000001,0.0,0.0
2026-01-02 23:30:00,0.58893836,0.0,0.0
2026-01-02 23:45:00,0.55522614,0.0,0.0
2026-01-03 00:00:00,0.7462724,0.0,0.0
2026-01-03 00:15:00,0.72724316,0.0,0.0
2026-01-03 00:30:00,0.54558306,0.0,0.0
2026-01-03 00:45:00,0.62118366,0.0,0.0
2026-01-03 01:00:00,0.6802802,0.0,0.0
2026-01-03 01:15:00,0.71868726,0.0,0.0
2026-01-03 01:30:00,0.55375964,0.0,0.0
2026-01-03 01:45:00,0.5776541999999999,0.0,0.0
2026-01-03 02:00:00,0.7217268,0.0,0.0
2026-01-03 02:15:00,0.7563192,0.0,0.0
2026-01-03 02:30:00,0.57376226,0.0,0.0
2026-01-03 02:45:00,0.5348940999999999,0.0,0.0
2026-01-03 03:00:00,0.7031413599999999,0.0,0.0
2026-01-03 03:15:00,0.7209213200000001,0.0,0.0
2026-01-03 03:30:00,0.58829328,0.0,0.0
2026-01-03 03:45:00,0.55804224,0.0,0.0
2026-01-03 04:00:00,1.0689633950000001,0.0,0.0
2026-01-03 04:15:00,0.7849966199999999,0.0,0.0
2026-01-03 04:30:00,0.55311167,0.0,0.0
2026-01-03 04:45:00,0.57139474,0.0,0.0
2026-01-03 05:00:00,0.6557043300000001,0.0,0.0
2026-01-03 05:15:00,0.75671888,0.0,0.0
2026-01-03 05:30:00,0.58962084,0.0,0.0
2026-01-03 05:45:00,0.6085210600000001,0.0,0.0
2026-01-03 06:00:00,0.71067792,0.0,0.0
2026-01-03 06:15:00,0.6943776,0.0,0.0
2026-01-03 06:30:00,0.6185384,0.0,0.0
2026-01-03 06:45:00,0.58274316,0.0,0.0
2026-01-03 07:00:00,0.6994250399999999,0.0,0.0
2026-01-03 07:15:00,0.63803028,0.0,0.0
2026-01-03 07:30:00,0.6641166399999999,0.0,0.0
2026-01-03 07:45:00,0.58160192,0.0,0.0
2026-01-03 08:00:00,0.61950696,0.0,0.0
2026-01-03 08:15:00,0.65875476,0.0,0.0
2026-01-03 08:30:00,0.6204325,0.0,0.0
2026-01-03 08:45:00,0.697221387,0.010648927,0.0
2026-01-03 09:00:00,0.61798211,0.20511061,0.0
2026-01-03 09:15:00,0.660026921,0.304592,0.0
2026-01-03 09:30:00,0.6326661388999999,0.31905002000000005,0.0041846185
2026-01-03 09:45:00,0.6409589353999999,0.32201956000000004,0.0029633725000000003
2026-01-03 10:00:00,0.597189461,0.2934481,0.00069260913
2026-01-03 10:15:00,0.5747224927,0.2858476,0.00098798877
2026-01-03 10:30:00,0.7198933391000001,0.35892178,0.00089510345
2026-01-03 10:45:00,0.627067932,0.30986453,6.242116e-05
2026-01-03 11:00:00,0.6274636069999999,0.31036703,0.0
2026-01-03 11:15:00,0.6201443968,0.308562,0.0010442886
2026-01-03 11:30:00,0.740996593,0.36773547,0.0007445780600000001
2026-01-03 11:45:00,0.6961159572,0.35283633,0.006649666
2026-01-03 12:00:00,0.5581341599999999,0.3747412,0.09567413000000001
2026-01-03 12:15:00,0.56523914,1.1359528,0.8533332
2026-01-03 12:30:00,0.61275654,3.5373875,3.2310093
2026-01-03 12:45:00,0.6445240999999999,4.564996600000001,4.242734400000001
2026-01-03 13:00:00,0.4737946,4.3888916,4.151993999999999
2026-01-03 13:15:00,0.6024346,6.2558549999999995,5.9546377
2026-01-03 13:30:00,0.7923662,6.348108,5.951925
2026-01-03 13:45:00,0.684847,6.0692065,5.726783
2026-01-03 14:00:00,0.5803252,5.698018,5.407855499999999
2026-01-03 14:15:00,0.5164104599999999,5.317939999999999,5.059735
2026-01-03 14:30:00,0.73529688,4.950775999999999,4.5831274
2026-01-03 14:45:00,0.58486084,4.4254907,4.1330605
2026-01-03 15:00:00,0.4731771,3.72771,3.4911212999999996
2026-01-03 15:15:00,0.48622232000000004,3.0404248,2.7973137
2026-01-03 15:30:00,0.64364868,2.154028,1.8322036000000002
2026-01-03 15:45:00,0.6852558599999999,0.80949286,0.46686496
2026-01-03 16:00:00,0.5346122,0.27249393,0.0051878409999999995
2026-01-03 16:15:00,0.61127526,0.31031998,0.004682348
2026-01-03 16:30:00,0.728979,0.36715198,0.002662463
2026-01-03 16:45:00,0.665027368,0.33158813,0.0011872017
2026-01-03 17:00:00,0.5911209274,0.29845752,0.0047925544
2026-01-03 17:15:00,0.9882510499999999,0.25277939,0.0019429754
2026-01-03 17:30:00,0.7125935018,0.35527637,0.0022075946
2026-01-03 17:45:00,0.7185169737000001,0.35763733000000003,0.0
2026-01-03 18:00:00,0.24796542,0.2677762,0.14379352
2026-01-03 18:15:00,0.56383190722,0.28414206000000003,0.0025900395
2026-01-03 18:30:00,0.69968598614,0.35130423,0.0019346136
2026-01-03 18:45:00,0.7137919612899999,0.35785574000000003,0.0010399576
2026-01-03 19:00:00,0.51983436306,0.26223379999999996,0.0030274353
2026-01-03 19:15:00,0.6076930924999999,0.30477704,0.0017183787
2026-01-03 19:30:00,0.6566697754,0.32618567000000004,0.0
2026-01-03 19:45:00,0.6875254966000001,0.34372556,0.0020261536000000004
2026-01-03 20:00:00,0.6142731987,0.30209823999999996,0.0006425781
2026-01-03 20:15:00,0.5938414324000001,0.29263977,0.0
2026-01-03 20:30:00,0.7248709664999999,0.35967847000000003,0.0005613429
2026-01-03 20:45:00,0.6504899288299999,0.32629733,0.0012984518
2026-01-03 21:00:00,0.605251844,0.30374637,0.0014128392999999998
2026-01-03 21:15:00,0.6222603133,0.30823892,0.0003554128
2026-01-03 21:30:00,0.6593783040000001,0.32326364,0.0
2026-01-03 21:45:00,0.7207510824000001,0.35999400000000004,0.00040618642999999997
2026-01-03 22:00:00,0.6468035078000001,0.32531442,0.0029076717
2026-01-03 22:15:00,0.6489146184999999,0.32147812,0.0
2026-01-03 22:30:00,0.5792132836999999,0.28554807,0.0
2026-01-03 22:45:00,0.66314750568,0.33508548,0.003983017
2026-01-03 23:00:00,0.62827173876,0.31827045,0.0043343987
2026-01-03 23:15:00,0.7085493649000001,0.35412683,0.001473025
2026-01-03 23:30:00,0.640167599,0.3195689,0.0019465612000000001
2026-01-03 23:45:00,0.6370525755,0.32185852,0.0036086428000000003
2026-01-04 00:00:00,0.6939187,0.350822,0.0038626556
2026-01-04 00:15:00,0.61197069204,0.3063987,0.00084522754
2026-01-04 00:30:00,0.5931919190999999,0.29545178,0.00031359863
2026-01-04 00:45:00,0.58744812445,0.2946235,0.0016734275999999999
2026-01-04 01:00:00,0.7318442044,0.3658022,0.00042545572
2026-01-04 01:15:00,0.6807753427000001,0.3379319,0.0
2026-01-04 01:30:00,0.53122727007,0.26792188,0.0026738129
2026-01-04 01:45:00,0.5465257497,0.2755275,0.0025943679999999997
2026-01-04 02:00:00,0.7141230399999999,0.35891193,0.0018503901
2026-01-04 02:15:00,0.6170374704999999,0.29771252,0.0
2026-01-04 02:30:00,0.5228272867,0.26334093999999997,0.002757141
2026-01-04 02:45:00,0.6053537779,0.2992494,0.0
2026-01-04 03:00:00,0.7161143097,0.35617572000000003,0.0020452702
2026-01-04 03:15:00,0.6166710942,0.30663,9.46757e-05
2026-01-04 03:30:00,0.5486197451,0.2739843,0.0009882889
2026-01-04 03:45:00,0.5749207953613,0.28929718000000004,0.0018382925
2026-01-04 04:00:00,0.702526628491,0.35152032000000005,0.00028433356
2026-01-04 04:15:00,0.6884206070000001,0.34048444,0.0
2026-01-04 04:30:00,0.51818799685,0.26003089999999995,0.0015848745
2026-01-04 04:45:00,0.5562896925,0.27893332,0.0035518901
2026-01-04 05:00:00,0.7894570190000001,0.39299533000000003,0.00024923706
2026-01-04 05:15:00,0.6319679652000001,0.31506335,0.0
2026-01-04 05:30:00,0.5707185620999999,0.28241458,0.0
2026-01-04 05:45:00,0.5448483507999999,0.27230396,0.00040857697
2026-01-04 06:00:00,0.8689362701,0.43410855,0.0017368965
2026-01-04 06:15:00,0.606544804,0.32885021999999997,0.02601596
2026-01-04 06:30:00,0.5757065648999999,0.2867921,0.0
2026-01-04 06:45:00,0.5912342208999999,0.29662374999999996,0.0017074738
2026-01-04 07:00:00,0.7860674595,0.39087362999999997,0.0006466153
2026-01-04 07:15:00,0.669811468,0.33046576,0.0
2026-01-04 07:30:00,0.5530200860000001,0.27349097,0.0
2026-01-04 07:45:00,0.6036242512,0.29879187,0.00017143504
2026-01-04 08:00:00,0.6958595059000001,0.3449628,0.0004969813000000001
2026-01-04 08:15:00,0.658548337,0.30968506,0.0005134073999999999
2026-01-04 08:30:00,0.543505787,0.25633839999999997,0.0
2026-01-04 08:45:00,0.652225166,0.31087698,0.0056887054
2026-01-04 09:00:00,0.7044786766,0.35163797,0.0026944225
2026-01-04 09:15:00,0.6752474548,0.3456477,0.009427412
2026-01-04 09:30:00,0.5891914701000001,0.29575784,0.0018363528
2026-01-04 09:45:00,0.5957706805499999,0.30073044,0.0029730785000000003
2026-01-04 10:00:00,0.7039980864,0.40009274,0.049144855
2026-01-04 10:15:00,1.3816785859999998,1.3568687,0.708065
2026-01-04 10:30:00,0.51636316,3.3949854,3.1368036999999998
2026-01-04 10:45:00,0.44557875999999996,2.878184,2.6553948
2026-01-04 11:00:00,0.60047828,3.0620476,2.7618085999999997
2026-01-04 11:15:00,0.7192913200000001,5.798268,5.4386225999999995
2026-01-04 11:30:00,0.6209176599999999,7.1168843,6.8064253
2026-01-04 11:45:00,0.7589671,6.8635,6.4840166
2026-01-04 12:00:00,0.63794952,6.893938,6.5749634
2026-01-04 12:15:00,0.7514573400000001,6.8301216,6.454393
2026-01-04 12:30:00,0.66999384,6.9857725,6.650775400000001
2026-01-04 12:45:00,0.72548468,6.8548936000000005,6.4921514
2026-01-04 13:00:00,0.64274708,6.7686016,6.447228
2026-01-04 13:15:00,0.67223908,4.401769,4.0656497
2026-01-04 13:30:00,0.59471844,2.7930408000000004,2.4956815999999997
2026-01-04 13:45:00,0.67991926,5.22478,4.8848203
2026-01-04 14:00:00,0.48792172,4.397352,4.153391
2026-01-04 14:15:00,0.6945879,4.448631000000001,4.101337
2026-01-04 14:30:00,0.6163841,4.6286025,4.3204106
2026-01-04 14:45:00,0.558917,4.820735,4.5412764
2026-01-04 15:00:00,0.47184378,2.1586753,1.9227534
2026-01-04 15:15:00,0.6180444,1.8792122,1.57019
2026-01-04 15:30:00,0.63654084,2.2753586,1.9570881
2026-01-04 15:45:00,0.5838985,1.6816008,1.3896515999999999
2026-01-04 16:00:00,0.5465958665999999,0.6279537000000001,0.35631873000000003
2026-01-04 16:15:00,0.656262583,0.31573989999999996,0.0
2026-01-04 16:30:00,0.7396783517000001,0.3679561,0.0013734207
2026-01-04 16:45:00,0.5886910765,0.2908674,0.0
2026-01-04 17:00:00,0.54394134335,0.2718857,0.00080983466
2026-01-04 17:15:00,0.6407771106,0.3150823,0.0
2026-01-04 17:30:00,0.7583355571,0.37588705,0.0
2026-01-04 17:45:00,0.6482984088,0.3242597,0.0027202556
2026-01-04 18:00:00,0.5579282835999999,0.2795313,0.0011774926999999998
2026-01-04 18:15:00,0.5808788461000001,0.28934512,0.00012096150999999999
2026-01-04 18:30:00,0.829541445,0.41320898,0.0007850456
2026-01-04 18:45:00,0.6173653028699999,0.30860052000000004,0.00034764862
2026-01-04 19:00:00,0.6174155339999999,0.30754926,8.168539e-05
2026-01-04 19:15:00,0.5743022302699999,0.2861679,0.0
2026-01-04 19:30:00,0.82212820965,0.410215,0.0
2026-01-04 19:45:00,0.6390724048,0.31860123,0.0016849289000000001
2026-01-04 20:00:00,0.540265068,0.27069537000000005,0.0020612488
2026-01-04 20:15:00,0.58116924193,0.29210782,0.0017716904
2026-01-04 20:30:00,0.784963799,0.39130142,0.00024236806
2026-01-04 20:45:00,0.6813735375300001,0.34690875,0.0065761886
2026-01-04 21:00:00,0.5282330303,0.26322019999999996,0.0012066116
2026-01-04 21:15:00,0.6401072806000001,0.31697960000000003,0.0
2026-01-04 21:30:00,0.7979371503,0.39808914,0.00077802783
2026-01-04 21:45:00,0.6278118966999999,0.3143913,0.001760343
2026-01-04 22:00:00,0.5833929132,0.29597144,0.004757911
2026-01-04 22:15:00,0.5940399234,0.29576870000000005,0.00072829944
2026-01-04 22:30:00,0.77340070626,0.38921364999999997,0.0033698578000000002
2026-01-04 22:45:00,0.619729488,0.3057951,0.00055850476
2026-01-04 23:00:00,0.5904800304,0.29416257,0.0016196696
2026-01-04 23:15:00,0.5800338615,0.28808575000000003,0.00030852255
2026-01-04 23:30:00,0.7851807926000001,0.39136795,0.0
2026-01-04 23:45:00,0.66505142042,0.33937653,0.006989695000000001
2026-01-05 00:00:00,0.568313856671,0.28432208000000003,0.00019547527
2026-01-05 00:15:00,0.6366254090000001,0.3220186,0.0044607368
2026-01-05 00:30:00,0.6793812266,0.33329003999999995,0.001171669
2026-01-05 00:45:00,0.6700311416,0.33248453,0.0
2026-01-05 01:00:00,0.5323722968,0.26421942000000004,6.272125e-05
2026-01-05 01:15:00,0.6519323259900001,0.32590912,0.000141421
2026-01-05 01:30:00,0.6918734853999999,0.3440659,0.00099709576
2026-01-05 01:45:00,0.6748775153000001,0.33648975000000003,0.0
2026-01-05 02:00:00,0.5585180449,0.28008932,0.0014807917
2026-01-05 02:15:00,0.5933445818,0.29736252,0.003005633
2026-01-05 02:30:00,0.6827049625,0.34970004,0.011933524999999999
2026-01-05 02:45:00,0.67465607706,0.3382439,0.0010395101
2026-01-05 03:00:00,0.5698854784,0.28288297,0.0
2026-01-05 03:15:00,0.6290553614,0.31250107000000005,6.973775499999999e-05
2026-01-05 03:30:00,0.5718677904,0.28352246000000003,0.0
2026-01-05 03:45:00,0.684806904,0.34251276,0.0007103793
2026-01-05 04:00:00,0.5802973132,0.28932434,2.4042765e-05
2026-01-05 04:15:00,0.71326820033,0.35936688,0.0030196686000000003
2026-01-05 04:30:00,0.56628317896,0.28342862,0.0008074443
2026-01-05 04:45:00,0.6915449810000001,0.34668,0.0029790523000000004
2026-01-05 05:00:00,0.609607613,0.30109064,0.0
2026-01-05 05:15:00,0.6607324028,0.3275441,0.0
2026-01-05 05:30:00,0.61337604,0.30899582,0.0023077953
2026-01-05 05:45:00,0.635491988,0.31980844,0.0026472294
2026-01-05 06:00:00,0.6336383993000001,0.31331213,0.0020973866
2026-01-05 06:15:00,0.6438821480000001,0.31689615,0.0
2026-01-05 06:30:00,0.6158453886299999,0.31035757,0.0026342442
2026-01-05 06:45:00,0.6633735810000001,0.3299647,0.0011603203
2026-01-05 07:00:00,0.6491060679,0.32707317999999996,0.0038578769999999996
2026-01-05 07:15:00,0.6734798702,0.33583243,0.0010118841
2026-01-05 07:30:00,0.523711837,0.2609535,0.00029418945000000003
2026-01-05 07:45:00,0.6817546329999999,0.3401659,0.0017969284
2026-01-05 08:00:00,0.6563535658999999,0.32661728,0.00039707693
2026-01-05 08:15:00,0.67146926,0.09118085000000001,0.0
2026-01-05 08:30:00,0.532068417,0.009184177,0.0
2026-01-05 08:45:00,0.64652266,0.110582,0.0
2026-01-05 09:00:00,0.74528308,0.15600966,0.0
2026-01-05 09:15:00,0.6149779790000001,0.29263287000000004,0.0
2026-01-05 09:30:00,0.5976914030000001,0.29444052,7.421875e-05
2026-01-05 09:45:00,0.56428088,0.2835394,0.0013989538
2026-01-05 10:00:00,0.7588782220000001,0.37772507,0.0002540156
2026-01-05 10:15:00,0.59398955,0.2942715,0.00056522626
2026-01-05 10:30:00,0.53587256,0.28697789999999995,0.019041640000000002
2026-01-05 10:45:00,0.60151832,0.8491930999999999,0.54843396
2026-01-05 11:00:00,0.69143512,1.2033195,0.85760187
2026-01-05 11:15:00,0.6882880800000001,1.2060986,0.8619545000000001
2026-01-05 11:30:00,0.5242763,1.673661,1.4115229999999999
2026-01-05 11:45:00,0.51368116,4.347167000000001,4.0903264
2026-01-05 12:00:00,0.7636203,5.184513,4.802703
2026-01-05 12:15:00,0.71310186,6.848555,6.4920044
2026-01-05 12:30:00,0.6235185599999999,6.8996465,6.587886999999999
2026-01-05 12:45:00,0.5749134,6.6916914,6.404235
2026-01-05 13:00:00,0.9026835999999999,6.8168516,6.3655100000000004
2026-01-05 13:15:00,0.48574268,3.4550437,3.2121724
2026-01-05 13:30:00,0.5752004399999999,3.687172,3.399572
2026-01-05 13:45:00,0.53031836,5.24519,4.980031
2026-01-05 14:00:00,0.70137452,5.2296426,4.8789549999999995
2026-01-05 14:15:00,0.6165498,5.1702725,4.8619976
2026-01-05 14:30:00,0.47479946,4.724844,4.4874443
2026-01-05 14:45:00,0.534728,4.064237299999999,3.7968733
2026-01-05 15:00:00,0.62020514,2.6411203999999997,2.3310178
2026-01-05 15:15:00,0.6270418833,1.9484218,1.6368175
2026-01-05 15:30:00,0.49348374,2.0397582,1.7930162
2026-01-05 15:45:00,2.066022053,1.0318169,0.000452034
2026-01-05 16:00:00,5.1487426,1.883106,0.025793009000000002
2026-01-05 16:15:00,0.958919655,0.4090808,0.0008065491
2026-01-05 16:30:00,0.785253184,0.36976172,0.0046406837
2026-01-05 16:45:00,0.756203422,0.32381622,0.00035884857
2026-01-05 17:00:00,0.994472934,0.4763153,0.0
2026-01-05 17:15:00,1.1300709199999999,0.5734634,0.008427925
2026-01-05 17:30:00,1.0921759229999999,0.54534875,0.0020891724
2026-01-05 17:45:00,1.2470252820749999,0.6251362,0.0016788025
2026-01-05 18:00:00,0.97706615,0.48459917999999996,0.0
2026-01-05 18:15:00,1.3115837766,0.6546860400000001,7.496389e-05
2026-01-05 18:30:00,1.1680145412,0.58600684,0.0032469542
2026-01-05 18:45:00,0.7906395706,0.39621566999999996,0.001541009
2026-01-05 19:00:00,0.7948438809,0.39592935,0.00012185600000000001
2026-01-05 19:15:00,1.0040626098,0.5007027,3.7930805e-05
2026-01-05 19:30:00,0.8567999837,0.42896625,0.0018396353000000002
2026-01-05 19:45:00,0.88401,0.4440688,0.0020637882
2026-01-05 20:00:00,0.8967529842,0.44678714,0.0013646062999999999
2026-01-05 20:15:00,0.9502346276,0.47350363,0.0
2026-01-05 20:30:00,0.9335252924,0.4624087,0.0
2026-01-05 20:45:00,0.9443322080600001,0.4722133,0.0006548296999999999
2026-01-05 21:00:00,0.7713551237,0.38512085,0.0005962868
2026-01-05 21:15:00,1.345089604,0.6778088,0.0058566995000000005
2026-01-05 21:30:00,0.9588030923799999,0.4794623,0.00047696939999999997
2026-01-05 21:45:00,1.0510782386809998,0.5290376,0.003500974
2026-01-05 22:00:00,0.80897333726,0.40552737,0.0015877113
2026-01-05 22:15:00,0.9838804906999999,0.49251100000000003,0.0019953932
2026-01-05 22:30:00,0.9801891509,0.49096323000000003,0.0021527874
2026-01-05 22:45:00,0.8897073289,0.44422318,0.0004754766
2026-01-05 23:00:00,0.869725978,0.43257745,0.0
2026-01-05 23:15:00,0.9024127185,0.44895724000000004,0.00019308853
2026-01-05 23:30:00,1.0179790624,0.5062285,0.00024460728
2026-01-05 23:45:00,0.811232975,0.40210520000000005,0.0
2026-01-06 00:00:00,0.8609455224,0.43057773,0.0013319016
2026-01-06 00:15:00,0.5854080046000001,0.28987354,0.0
2026-01-06 00:30:00,0.894279634172,0.448942,0.0018326212
2026-01-06 00:45:00,0.649573537,0.3247878,0.0005125122
2026-01-06 01:00:00,0.5577731304,0.27841064,6.2273663e-05
2026-01-06 01:15:00,0.51571333717,0.25836157,0.0008346227000000001
2026-01-06 01:30:00,0.76089526,0.3815173,0.0010696753999999999
2026-01-06 01:45:00,0.6192943059999999,0.30750734999999996,0.0
2026-01-06 02:00:00,0.5275404756600001,0.26527774,0.0019901657
2026-01-06 02:15:00,0.51859874974,0.25924306999999996,0.00036497298
2026-01-06 02:30:00,0.7516969631,0.37649063,0.0015354462
2026-01-06 02:45:00,0.595419425,0.29645667,0.0018435186
2026-01-06 03:00:00,0.5158840967999999,0.2581317,0.0004147
2026-01-06 03:15:00,0.5077841463999999,0.25144719,0.0
2026-01-06 03:30:00,0.70905379942,0.3572403,0.0028191147
2026-01-06 03:45:00,0.7158192269999999,0.35888104,0.002271211
2026-01-06 04:00:00,0.32475054406,0.16198267000000002,0.00028806558
2026-01-06 04:15:00,0.5892056800000001,0.0,0.0
2026-01-06 04:30:00,0.7118642,0.0,0.0
2026-01-06 04:45:00,0.70030652,0.0,0.0
2026-01-06 05:00:00,0.5498395,0.0,0.0
2026-01-06 05:15:00,0.6026412400000001,0.0,0.0
2026-01-06 05:30:00,0.7630324,0.0,0.0
2026-01-06 05:45:00,0.66278614,0.0,0.0
2026-01-06 06:00:00,0.5771584000000001,0.0,0.0
2026-01-06 06:15:00,0.5905640799999999,0.0,0.0
2026-01-06 06:30:00,0.69559704,0.0,0.0
2026-01-06 06:45:00,0.6778550400000001,0.0,0.0
2026-01-06 07:00:00,0.56068812,0.0,0.0
2026-01-06 07:15:00,0.615417,0.0,0.0
2026-01-06 07:30:00,0.6835542,0.0,0.0
2026-01-06 07:45:00,0.7151480800000001,0.0,0.0
2026-01-06 08:00:00,0.51565936,0.0,0.0
2026-01-06 08:15:00,0.63225104,0.0,0.0
2026-01-06 08:30:00,0.675975086,0.094379036,0.0
2026-01-06 08:45:00,0.65627429,0.21105756,0.0
2026-01-06 09:00:00,0.5431341623399999,0.29101462,0.019697962
2026-01-06 09:15:00,0.7471513702,0.37157745,0.0007926585000000001
2026-01-06 09:30:00,0.5697382899,0.28221071999999997,0.0
2026-01-06 09:45:00,0.6650062773000001,0.3335706,0.003509632
2026-01-06 10:00:00,1.3594494300000002,0.29566684,0.0026030273
2026-01-06 10:15:00,0.60886900485,0.30522418,0.00098321027
2026-01-06 10:30:00,0.5822335855999999,0.2885081,0.00032868195
2026-01-06 10:45:00,2.4155981183,1.2067092,0.0002612101
2026-01-06 11:00:00,3.77421923,1.8814921999999998,0.00068738174
2026-01-06 11:15:00,6.7813012,1.6468562,0.0
2026-01-06 11:30:00,5.3223452,1.0870731,0.0
2026-01-06 11:45:00,5.558528,1.2330376,0.0
2026-01-06 12:00:00,2.65153753,0.8863536000000001,0.0023557280999999997
2026-01-06 12:15:00,0.7932730338,0.3969691,0.001960298
2026-01-06 12:30:00,0.62713195043,0.31742072,0.0045873694
2026-01-06 12:45:00,0.69249770646,0.34760553,0.0017743784
2026-01-06 13:00:00,3.6972267410999997,1.8891484,0.041201336
2026-01-06 13:15:00,0.9759013599999999,0.45122232,0.0038429463
2026-01-06 13:30:00,0.858939811,0.42732565,0.008494679
2026-01-06 13:45:00,0.829551704,0.4027923,0.0
2026-01-06 14:00:00,1.12424108,0.6281888999999999,0.06606835
2026-01-06 14:15:00,1.05595814,0.60681696,0.1368537
2026-01-06 14:30:00,1.21797821955,0.6108034699999999,0.0022117767
2026-01-06 14:45:00,1.774425909,0.86548315,9.303284e-05
2026-01-06 15:00:00,2.87716024,0.9536080299999999,0.0011031264999999998
2026-01-06 15:15:00,0.6519395873000001,0.32377847000000004,0.0
2026-01-06 15:30:00,1.9380409699999999,0.96670764,0.0072808989999999995
2026-01-06 15:45:00,0.7024571382,0.35025238000000003,0.002269867
2026-01-06 16:00:00,0.8599318134,0.44805795,0.018581547
2026-01-06 16:15:00,0.7381298656999999,0.37353912,0.005005506
2026-01-06 16:30:00,0.756587314,0.37875525,0.0022325323
2026-01-06 16:45:00,0.7700062240000001,0.38061362000000004,0.0
2026-01-06 17:00:00,0.9961384899999999,0.49809525000000004,0.0019074377
2026-01-06 17:15:00,0.7611042557000001,0.38101044,0.0015234985
2026-01-06 17:30:00,2.2160295941,1.1090648,0.003593567
2026-01-06 17:45:00,0.9242948,0.4998917,0.0377443
2026-01-06 18:00:00,1.182591982,0.5904057,0.00048921347
2026-01-06 18:15:00,3.8593273000000003,1.0562952,0.0
2026-01-06 18:30:00,5.2697331,0.0,0.0
2026-01-06 18:45:00,1.00483235,0.0,0.0
2026-01-06 19:00:00,1.1646288999999999,0.0,0.0
2026-01-06 19:15:00,1.52661706,0.0,0.0
2026-01-06 19:30:00,0.85734204,0.0,0.0
2026-01-06 19:45:00,0.83106024,0.0,0.0
2026-01-06 20:00:00,2.3841658000000003,0.0,0.0
2026-01-06 20:15:00,0.7814648999999999,0.0,0.0
2026-01-06 20:30:00,0.7722092,0.0,0.0
2026-01-06 20:45:00,0.8056998999999999,0.0,0.0
2026-01-06 21:00:00,0.92555512,0.0,0.0
2026-01-06 21:15:00,0.8310343,0.0,0.0
2026-01-06 21:30:00,0.78838172,0.0,0.0
2026-01-06 21:45:00,0.8148833,0.0,0.0
2026-01-06 22:00:00,0.91063074,0.0,0.0
2026-01-06 22:15:00,0.8246814,0.0,0.0
2026-01-06 22:30:00,0.7323727999999999,0.0,0.0
2026-01-06 22:45:00,0.77063764,0.0,0.0
2026-01-06 23:00:00,0.84574572,0.0,0.0
2026-01-06 23:15:00,0.78436492,0.0,0.0
2026-01-06 23:30:00,0.6659992,0.0,0.0
2026-01-06 23:45:00,0.6404094,0.0,0.0
2026-01-07 00:00:00,0.6124219399999999,0.0,0.0
2026-01-07 00:15:00,0.67322448,0.0,0.0
2026-01-07 00:30:00,0.59003034,0.0,0.0
2026-01-07 00:45:00,0.70318616,0.0,0.0
2026-01-07 01:00:00,0.56847344,0.0,0.0
2026-01-07 01:15:00,0.7361297,0.0,0.0
2026-01-07 01:30:00,0.56886114,0.0,0.0
2026-01-07 01:45:00,0.71541326,0.0,0.0
2026-01-07 02:00:00,0.58176716,0.0,0.0
2026-01-07 02:15:00,0.7255545,0.0,0.0
2026-01-07 02:30:00,0.5914538,0.0,0.0
2026-01-07 02:45:00,0.70769214,0.0,0.0
2026-01-07 03:00:00,0.5353498600000001,0.0,0.0
2026-01-07 03:15:00,0.7312629399999999,0.0,0.0
2026-01-07 03:30:00,0.64022156,0.0,0.0
2026-01-07 03:45:00,0.6661288,0.0,0.0
2026-01-07 04:00:00,0.5884246799999999,0.0,0.0
2026-01-07 04:15:00,0.71988012,0.0,0.0
2026-01-07 04:30:00,0.6594366700000001,0.0,0.0
2026-01-07 04:45:00,0.63192832,0.0,0.0
2026-01-07 05:00:00,0.5806026000000001,0.0,0.0
2026-01-07 05:15:00,0.68271856,0.0,0.0
2026-01-07 05:30:00,0.7430730600000001,0.0,0.0
2026-01-07 05:45:00,0.53624108,0.0,0.0
2026-01-07 06:00:00,0.5739086,0.0,0.0
2026-01-07 06:15:00,0.6445877,0.0,0.0
2026-01-07 06:30:00,0.7318558000000001,0.0,0.0
2026-01-07 06:45:00,0.56180188,0.0,0.0
2026-01-07 07:00:00,0.534237,0.0,0.0
2026-01-07 07:15:00,0.7559674599999999,0.0,0.0
2026-01-07 07:30:00,0.8721658,0.0,0.0
2026-01-07 07:45:00,0.63957348,0.0,0.0
2026-01-07 08:00:00,0.6521336,0.0,0.0
2026-01-07 08:15:00,0.76323098,0.0,0.0
2026-01-07 08:30:00,0.738305386,0.062950676,0.0
2026-01-07 08:45:00,0.60354895,0.19834022999999998,0.0
2026-01-07 09:00:00,1.27467518,0.0,0.0
2026-01-07 09:15:00,0.6204240780000001,0.2912482,0.00028985596
2026-01-07 09:30:00,1.706755,0.40828204,0.02145666
2026-01-07 09:45:00,0.7498258,0.38465106,0.009738177
2026-01-07 10:00:00,3.549445,1.8111279999999998,0.03640548
2026-01-07 10:15:00,2.46242347,1.1596475,0.003304896
2026-01-07 10:30:00,1.0076312950000001,0.4967298,0.010918506000000001
2026-01-07 10:45:00,0.7352780800000001,0.65168884,0.28404977000000003
2026-01-07 11:00:00,1.7559711999999998,1.6631441999999999,0.7851585999999999
2026-01-07 11:15:00,0.39830795999999996,0.7041069,0.50495288
2026-01-07 11:30:00,1.3116974000000001,2.7060098,2.0501611
2026-01-07 11:45:00,0.9241695600000001,3.3973218000000003,2.935237
2026-01-07 12:00:00,0.9245331999999999,6.5499604,6.087694000000001
2026-01-07 12:15:00,0.92177276,6.735947299999999,6.275061
2026-01-07 12:30:00,0.9681253000000001,6.6909707,6.2069076999999995
2026-01-07 12:45:00,2.1285588,6.576190400000001,5.5119110000000004
2026-01-07 13:00:00,0.57139746,5.771513,5.4858145
2026-01-07 13:15:00,0.6443156,2.6619644,2.3398065999999997
2026-01-07 13:30:00,0.6264179794,0.92690295,0.6155868
2026-01-07 13:45:00,0.6307779,2.760395,2.445006
2026-01-07 14:00:00,0.34520214,5.397298,5.224697
2026-01-07 14:15:00,0.69513154,5.042241,4.6946753
2026-01-07 14:30:00,0.78062432,4.561093,4.1707803000000006
2026-01-07 14:45:00,0.59412774,4.0594342999999995,3.7623704
2026-01-07 15:00:00,1.5465282,2.4751437999999997,1.7018796
2026-01-07 15:15:00,0.7686076000000001,3.1469714,2.7626675
2026-01-07 15:30:00,0.75640924,1.5190038,1.1407992
2026-01-07 15:45:00,0.64067706,1.3340171,1.0136785
2026-01-07 16:00:00,0.71087208,0.8186694999999999,0.46323346
2026-01-07 16:15:00,0.8592287599999999,0.43476654000000003,0.0051521480000000005
2026-01-07 16:30:00,0.8109286903,0.40377298,0.0
2026-01-07 16:45:00,0.7662673490099999,0.5287672999999999,0.14575470000000001
2026-01-07 17:00:00,0.718988957,0.35630487,0.0
2026-01-07 17:15:00,0.834155711719,0.41723509999999997,0.0001880099
2026-01-07 17:30:00,0.8035458048999999,0.3997012,0.0
2026-01-07 17:45:00,0.85524757364,0.42997086,0.0028548049999999998
2026-01-07 18:00:00,0.98729455,0.45698354999999996,0.0003291308
2026-01-07 18:15:00,2.1707726873000004,1.0850432,0.0016973209
2026-01-07 18:30:00,2.4224440237,1.2114768,0.0027448971
2026-01-07 18:45:00,4.3702711245999994,2.186576,0.003501119
2026-01-07 19:00:00,2.8621625,0.8280506000000001,0.009787757
2026-01-07 19:15:00,1.0011072034000001,0.49834406000000003,0.00050922614
2026-01-07 19:30:00,5.265816452729999,2.633174,0.0011697387999999999
2026-01-07 19:45:00,0.7797085847,0.38737743999999996,0.0022713597
2026-01-07 20:00:00,0.773678,0.38791464000000003,0.001075648
2026-01-07 20:15:00,0.7438077556,0.37077896,0.0
2026-01-07 20:30:00,0.7423471252,0.3682853,0.00025341797
2026-01-07 20:45:00,0.9229787531,0.46036743,0.0
2026-01-07 21:00:00,0.83994182844,0.42465267999999995,0.004988775
2026-01-07 21:15:00,0.8127929167000001,0.4056798,3.8976032e-05
2026-01-07 21:30:00,0.8029652105999999,0.40072116,0.00062033206
2026-01-07 21:45:00,0.8734575289000001,0.44175906,0.006806762
2026-01-07 22:00:00,0.8710183252,0.4345494,0.00053132755
2026-01-07 22:15:00,0.717046189,0.350414,0.00044590887
2026-01-07 22:30:00,0.8720821486000001,0.43700081999999996,0.002803435
2026-01-07 22:45:00,0.876282661,0.4371899,0.00026939645
2026-01-07 23:00:00,0.8550170795,0.42754544,0.0017931938
2026-01-07 23:15:00,0.71391273634,0.35675192,0.0007038066
2026-01-07 23:30:00,2.1669393635,1.08201,4.733785e-05
2026-01-07 23:45:00,0.8330721332,0.41508438000000003,0.0008928629999999999
2026-01-08 00:00:00,1.48455494,0.7447358000000001,0.0024583309
2026-01-08 00:15:00,0.65499793654,0.32742206,0.00040976968000000003
2026-01-08 00:30:00,0.58027384502,0.29210767,0.0023818665
2026-01-08 00:45:00,0.7485368790000001,0.37385583,0.0023634987
2026-01-08 01:00:00,0.68382373,0.3435269,0.0028939312
2026-01-08 01:15:00,0.5556217642,0.27606400000000003,0.0007272542
2026-01-08 01:30:00,0.58219616,0.29326132,0.0021632385
2026-01-08 01:45:00,0.79866225,0.12694534,0.0009611104000000001
2026-01-08 02:00:00,0.6853182000000001,0.0,0.0
2026-01-08 02:15:00,0.5245670800000001,0.0,0.0
2026-01-08 02:30:00,0.55539576,0.0,0.0
2026-01-08 02:45:00,0.7066692,0.0,0.0
2026-01-08 03:00:00,0.69139032,0.0,0.0
2026-01-08 03:15:00,0.5505994799999999,0.0,0.0
2026-01-08 03:30:00,0.53113476,0.0,0.0
2026-01-08 03:45:00,0.6676295999999999,0.0,0.0
2026-01-08 04:00:00,0.73520948,0.0,0.0
2026-01-08 04:15:00,0.5096854000000001,0.0,0.0
2026-01-08 04:30:00,0.52056072,0.0,0.0
2026-01-08 04:45:00,0.6975101699999999,0.0,0.0
2026-01-08 05:00:00,0.71196753,0.0,0.0
2026-01-08 05:15:00,0.53994366,0.0,0.0
2026-01-08 05:30:00,0.9936959000000001,0.0,0.0
2026-01-08 05:45:00,1.01435427,0.0,0.0
2026-01-08 06:00:00,0.70924378,0.0,0.0
2026-01-08 06:15:00,0.5764586,0.0,0.0
2026-01-08 06:30:00,0.56349108,0.0,0.0
2026-01-08 06:45:00,0.6361889599999999,0.0,0.0
2026-01-08 07:00:00,0.66732556,0.0,0.0
2026-01-08 07:15:00,0.57768164,0.0,0.0
2026-01-08 07:30:00,0.6500964,0.0,0.0
2026-01-08 07:45:00,0.6565726399999999,0.0,0.0
2026-01-08 08:00:00,0.69139392,0.0,0.0
2026-01-08 08:15:00,0.61668988,0.0,0.0
2026-01-08 08:30:00,0.69167139,0.0,0.0
2026-01-08 08:45:00,0.6954728699999999,0.0,0.0
2026-01-08 09:00:00,0.6717110799999999,0.0,0.0
2026-01-08 09:15:00,0.81609708844,0.0005635884399999999,0.0
2026-01-08 09:30:00,0.699648103,0.024417933000000003,0.0
2026-01-08 09:45:00,0.62157604,0.03605978000000001,0.0
2026-01-08 10:00:00,0.82378381,0.08369458,0.0
2026-01-08 10:15:00,0.61897412,0.1154705,0.0
2026-01-08 10:30:00,0.75119623,0.24595708,0.0
2026-01-08 10:45:00,0.696160506,0.28625284,0.009500438000000002
2026-01-08 11:00:00,0.7124743760000001,0.33941418,0.00041469826999999997
2026-01-08 11:15:00,0.76207592,0.2006548,0.0
2026-01-08 11:30:00,1.2747450299999998,0.22937833000000002,0.0
2026-01-08 11:45:00,0.73789799,0.27431616000000003,0.0
2026-01-08 12:00:00,0.72594243,0.23769174,0.0
2026-01-08 12:15:00,0.7211215799999999,0.22516651999999998,0.0
2026-01-08 12:30:00,1.85733938,0.22758868000000002,0.0
2026-01-08 12:45:00,2.02332657,0.1968448,0.0
2026-01-08 13:00:00,2.20534126,0.20182726,0.0
2026-01-08 13:15:00,0.85306741,0.19906991999999998,0.0
2026-01-08 13:30:00,0.83683128,0.24099748,0.0
2026-01-08 13:45:00,2.09760205,0.40390997,0.0019501444
2026-01-08 14:00:00,2.0858187900000003,0.38941928000000003,0.0014479344999999999
2026-01-08 14:15:00,0.829061606,0.38418463,0.00024341075000000001
2026-01-08 14:30:00,0.79557287,0.26235064999999996,0.0
2026-01-08 14:45:00,0.6060646000000001,0.17849531999999999,0.0
2026-01-08 15:00:00,0.57514067,0.1449137,0.0
2026-01-08 15:15:00,0.67962024,0.0939295,0.0
2026-01-08 15:30:00,1.52851772,0.05936627,0.0
2026-01-08 15:45:00,0.513247844,0.041863174,0.0
2026-01-08 16:00:00,0.45939895999999997,0.02230506,0.0
2026-01-08 16:15:00,0.6140446799999999,0.0,0.0
2026-01-08 16:30:00,0.91591913,0.0,0.0
2026-01-08 16:45:00,0.71321685,0.0,0.0
2026-01-08 17:00:00,0.8338351500000001,0.0,0.0
2026-01-08 17:15:00,0.9035487099999999,0.0,0.0
2026-01-08 17:30:00,0.9922568,0.0,0.0
2026-01-08 17:45:00,2.2400661,0.0,0.0
2026-01-08 18:00:00,0.8335324399999999,0.0,0.0
2026-01-08 18:15:00,0.8977376100000001,0.0,0.0
2026-01-08 18:30:00,1.09758845,0.0,0.0
2026-01-08 18:45:00,0.7780689999999999,0.0,0.0
2026-01-08 19:00:00,0.89360254,0.0,0.0
2026-01-08 19:15:00,1.117471,0.0,0.0
2026-01-08 19:30:00,1.0834584,0.0,0.0
2026-01-08 19:45:00,2.6079388,0.0,0.0
2026-01-08 20:00:00,0.71815234,0.0,0.0
2026-01-08 20:15:00,0.7985952,0.0,0.0
2026-01-08 20:30:00,0.92387036,0.0,0.0
2026-01-08 20:45:00,0.81807006,0.0,0.0
2026-01-08 21:00:00,0.74951026,0.0,0.0
2026-01-08 21:15:00,0.859617,0.0,0.0
2026-01-08 21:30:00,0.7012929,0.0,0.0
2026-01-08 21:45:00,2.2466042,0.0,0.0
2026-01-08 22:00:00,0.81530384,0.0,0.0
2026-01-08 22:15:00,0.8294597199999999,0.0,0.0
2026-01-08 22:30:00,0.87689576,0.0,0.0
2026-01-08 22:45:00,0.8050488,0.0,0.0
2026-01-08 23:00:00,0.82052692,0.0,0.0
2026-01-08 23:15:00,0.82634168,0.0,0.0
2026-01-08 23:30:00,0.88260328,0.0,0.0
2026-01-08 23:45:00,0.95210272,0.0,0.0
2026-01-09 00:00:00,0.7567854599999999,0.0,0.0
2026-01-09 00:15:00,0.61004132,0.0,0.0
2026-01-09 00:30:00,0.61019152,0.0,0.0
2026-01-09 00:45:00,0.6423713400000001,0.0,0.0
2026-01-09 01:00:00,0.6432476,0.0,0.0
2026-01-09 01:15:00,0.6082000000000001,0.0,0.0
2026-01-09 01:30:00,0.6160328399999999,0.0,0.0
2026-01-09 01:45:00,0.65812244,0.0,0.0
2026-01-09 02:00:00,0.6664185199999999,0.0,0.0
2026-01-09 02:15:00,0.59011274,0.0,0.0
2026-01-09 02:30:00,0.5615074,0.0,0.0
2026-01-09 02:45:00,0.6465476,0.0,0.0
2026-01-09 03:00:00,0.62839434,0.0,0.0
2026-01-09 03:15:00,0.5802218,0.0,0.0
2026-01-09 03:30:00,0.549765,0.0,0.0
2026-01-09 03:45:00,0.62090204,0.0,0.0
2026-01-09 04:00:00,0.68172784,0.0,0.0
2026-01-09 04:15:00,0.57199744,0.0,0.0
2026-01-09 04:30:00,0.49861763,0.0,0.0
2026-01-09 04:45:00,0.69406083,0.0,0.0
2026-01-09 05:00:00,0.6887298,0.0,0.0
2026-01-09 05:15:00,0.6059779,0.0,0.0
2026-01-09 05:30:00,0.5255374,0.0,0.0
2026-01-09 05:45:00,0.57815386,0.0,0.0
2026-01-09 06:00:00,0.6211496,0.0,0.0
2026-01-09 06:15:00,0.49627648,0.0,0.0
2026-01-09 06:30:00,0.51624444,0.0,0.0
2026-01-09 06:45:00,0.6067846,0.0,0.0
2026-01-09 07:00:00,0.7492620799999999,0.0,0.0
2026-01-09 07:15:00,0.9449837,0.0,0.0
2026-01-09 07:30:00,0.66833638,0.0,0.0
2026-01-09 07:45:00,0.69093616,0.0,0.0
2026-01-09 08:00:00,0.9377748,0.0,0.0
2026-01-09 08:15:00,0.674318262,0.046837822,0.0
2026-01-09 08:30:00,0.48116217,0.12527081,0.0
2026-01-09 08:45:00,0.5906171900000001,0.17690144000000002,0.0
2026-01-09 09:00:00,0.620139805,0.35762808,0.061767249999999996
2026-01-09 09:15:00,0.757799425,0.07480494,0.0016274338
2026-01-09 09:30:00,1.53468983,0.5239961,0.0
2026-01-09 09:45:00,0.72049958,0.8213701999999999,0.52851904
2026-01-09 10:00:00,0.69669919,0.5053618,0.16008367999999998
2026-01-09 10:15:00,2.37563823,0.7064651,0.022777205
2026-01-09 10:30:00,0.20389227000000001,0.27160534999999997,0.28916397
2026-01-09 10:45:00,0.7957766000000001,1.142115,0.7442267
2026-01-09 11:00:00,0.8783286029999999,1.238731,0.8522846
2026-01-09 11:15:00,0.69682354,3.3542170000000002,3.0058051999999997
2026-01-09 11:30:00,0.8137195340000001,1.2854269,0.8837471
2026-01-09 11:45:00,2.2641856,1.1554358999999998,0.11990899000000001
2026-01-09 12:00:00,2.5898750221,2.0292537999999998,0.73494147
2026-01-09 12:15:00,3.71300994,2.3115254,0.47221497
2026-01-09 12:30:00,1.5813245999999999,4.7637495,3.9730872
2026-01-09 12:45:00,1.30316992,4.678876,4.0272913
2026-01-09 13:00:00,0.99201386,5.157763,4.6617560000000005
2026-01-09 13:15:00,8.46752597,4.153536,0.0
2026-01-09 13:30:00,4.328663636,2.127415,0.0
2026-01-09 13:45:00,1.208064743,0.5954302,0.0
2026-01-09 14:00:00,2.8263802,1.4582855,0.04509551
2026-01-09 14:15:00,6.4935494,5.3424263000000005,2.0956514000000004
2026-01-09 14:30:00,1.1138720800000002,4.955921,4.398985
2026-01-09 14:45:00,1.03135632,4.6287754,4.113097
2026-01-09 15:00:00,1.04529406,3.0943916,2.5717444
2026-01-09 15:15:00,1.1291056458700002,1.5310333,0.9668957
2026-01-09 15:30:00,1.0952456275,0.5492334,0.0038262227
2026-01-09 15:45:00,2.52419551,1.2497976000000002,0.00028592935000000004
2026-01-09 16:00:00,0.66374176,0.5298903,0.19801941
2026-01-09 16:15:00,0.8814226087999999,0.45560822,0.015879664
2026-01-09 16:30:00,0.9094771732,0.45859363000000003,0.004526293
2026-01-09 16:45:00,1.558936536,0.7738261,0.00032255808000000003
2026-01-09 17:00:00,0.9862002547,0.49520483000000004,0.0021775777000000002
2026-01-09 17:15:00,1.043166,0.52212103,0.0005380456
2026-01-09 17:30:00,1.366413705,0.68410614,0.0031713893
2026-01-09 17:45:00,1.2591288,0.6324207000000001,0.0028563005999999998
2026-01-09 18:00:00,1.2147858101,0.6065636600000001,0.0014212059
2026-01-09 18:15:00,0.664590285,0.32756261999999997,0.0
2026-01-09 18:30:00,0.8597716146600001,0.42956055,0.0005635846
2026-01-09 18:45:00,0.8593268305999999,0.42659564,7.6154075e-06
2026-01-09 19:00:00,0.7549366390000001,0.3739218,0.0
2026-01-09 19:15:00,0.70138990517,0.3533256,0.0029454498
2026-01-09 19:30:00,0.712570525,0.35306296,0.0
2026-01-09 19:45:00,0.90371262976,0.45096942,0.0
2026-01-09 20:00:00,0.7405320285,0.36823315,0.00017143465999999998
2026-01-09 20:15:00,0.71551556798,0.36000551999999997,0.00264947
2026-01-09 20:30:00,0.800491997403,0.40270776,0.002484309
2026-01-09 20:45:00,0.80088775912,0.40236176,0.001980907
2026-01-09 21:00:00,0.7132368757,0.35600333,0.0007810139000000001
2026-01-09 21:15:00,0.7370018338,0.3675689,0.0003188273
2026-01-09 21:30:00,0.8025298366,0.39924786,0.0015358925
2026-01-09 21:45:00,0.937662089,0.47019357,0.002879594
2026-01-09 22:00:00,0.552607980534,0.30583347,0.029571880000000002
2026-01-09 22:15:00,0.6098350676,0.3026275,0.0
2026-01-09 22:30:00,2.2327961074,1.1113613,0.0
2026-01-09 22:45:00,1.0519644356,0.52506305,0.0012775488
2026-01-09 23:00:00,0.9990737256,0.49913443,0.002472662
2026-01-09 23:15:00,0.9234585898800001,0.46223853000000004,0.000936917
2026-01-09 23:30:00,0.9506600936,0.47270505,4.270935e-05
2026-01-09 23:45:00,1.1033066481999998,0.5501585,0.00040932035
2026-01-10 00:00:00,1.0115215468,0.5041055600000001,0.0003543717
2026-01-10 00:15:00,0.77987733514,0.40941500000000003,0.019954668000000002
2026-01-10 00:30:00,0.608589726,0.30065875,0.0
2026-01-10 00:45:00,0.7889535563800001,0.3957933,0.0015909945
2026-01-10 01:00:00,0.5952422393000001,0.2997884,0.0032491963
2026-01-10 01:15:00,0.5091681,0.25931567,0.004731623
2026-01-10 01:30:00,0.5971252516000001,0.29678482,0.0
2026-01-10 01:45:00,0.6253410617,0.33232607999999997,0.020051583999999997
2026-01-10 02:00:00,0.63517332273,0.32181787,0.0047347617
2026-01-10 02:15:00,0.5077519779999999,0.2455741,0.0007778752399999999
2026-01-10 02:30:00,0.6335505927,0.31649425999999997,0.0013758087
2026-01-10 02:45:00,0.6719844561199999,0.33818683,0.0026906865
2026-01-10 03:00:00,0.6128569788,0.30690918,0.0010006815
2026-01-10 03:15:00,0.5369388,0.27106674,0.0025973537000000004
2026-01-10 03:30:00,0.6347505478,0.3170735,4.793803e-05
2026-01-10 03:45:00,0.63334714378,0.31903676999999997,0.002745793
2026-01-10 04:00:00,0.6517084149,0.32468417,0.0
2026-01-10 04:15:00,0.56292096,0.0,0.0
2026-01-10 04:30:00,0.6750984,0.0,0.0
2026-01-10 04:45:00,0.5543622800000001,0.0,0.0
2026-01-10 05:00:00,0.7109046600000001,0.0,0.0
2026-01-10 05:15:00,0.59286108,0.0,0.0
2026-01-10 05:30:00,0.64296868,0.0,0.0
2026-01-10 05:45:00,0.58364814,0.0,0.0
2026-01-10 06:00:00,0.5520244,0.0,0.0
2026-01-10 06:15:00,0.5387295599999999,0.0,0.0
2026-01-10 06:30:00,0.654025,0.0,0.0
2026-01-10 06:45:00,0.74176104,0.0,0.0
2026-01-10 07:00:00,0.65927948,0.0,0.0
2026-01-10 07:15:00,0.6251258000000001,0.0,0.0
2026-01-10 07:30:00,0.9700589,0.0,0.0
2026-01-10 07:45:00,0.59022818,0.0,0.0
2026-01-10 08:00:00,0.72860236,0.0,0.0
2026-01-10 08:15:00,0.82769004,0.0,0.0
2026-01-10 08:30:00,0.68363602,0.04823212,0.0
2026-01-10 08:45:00,0.5669966099999999,0.14433143999999998,0.0
2026-01-10 09:00:00,0.60696229,0.14385307,0.0
2026-01-10 09:15:00,0.69437028,0.18353371999999998,0.0
2026-01-10 09:30:00,0.6107207597,0.3065292,0.0020469105
2026-01-10 09:45:00,0.5541285974,0.27940015,0.004139521
2026-01-10 10:00:00,0.6349152816200001,0.31960895,0.0022044601
2026-01-10 10:15:00,0.7220665694,0.3589341,0.00049533844
2026-01-10 10:30:00,0.6085282670000001,0.7724417,0.47136093
2026-01-10 10:45:00,0.788790298,0.39277042,0.0005246073599999999
2026-01-10 11:00:00,2.123811151,1.060385,0.0012360281
2026-01-10 11:15:00,0.9927922410000001,0.5328058499999999,0.0392115
2026-01-10 11:30:00,0.9616121278,0.4786612,0.0015109547000000001
2026-01-10 11:45:00,0.7065724,0.35588193,0.0025957157999999996
2026-01-10 12:00:00,0.85899629277,0.4303259,0.0012739664
2026-01-10 12:15:00,1.1893731738,0.59349207,0.0010956625
2026-01-10 12:30:00,0.8022738473,0.40186374,0.0020046512999999998
2026-01-10 12:45:00,0.72273241796,0.6867442600000001,0.3262025
2026-01-10 13:00:00,1.954906622,0.9496471599999999,0.0040064797
2026-01-10 13:15:00,2.0871610401000003,1.0456207,0.0027483304
2026-01-10 13:30:00,1.41423218,0.3814937,0.0
2026-01-10 13:45:00,1.5387449555,0.7700582,0.0033945007
2026-01-10 14:00:00,0.6503533537,0.32481213000000003,0.00050877887
2026-01-10 14:15:00,0.8558755647,0.42606516,0.0015853227000000001
2026-01-10 14:30:00,0.7849565168,0.38728787,0.0
2026-01-10 14:45:00,0.7375814089000001,0.36986203,0.0017056834
2026-01-10 15:00:00,0.558747686,0.27455694999999997,0.0017924473999999999
2026-01-10 15:15:00,0.6150656157000001,0.30465442000000004,0.00084313583
2026-01-10 15:30:00,0.8131091307,0.40162296,0.0005650762
2026-01-10 15:45:00,0.7384787027,0.36838232,0.00026297507
2026-01-10 16:00:00,2.054887478,0.99902625,0.0017155405
2026-01-10 16:15:00,0.7897083114,0.39256384000000005,6.794738999999999e-05
2026-01-10 16:30:00,1.02579422,0.0,0.0
2026-01-10 16:45:00,0.8807055,0.0,0.0
2026-01-10 17:00:00,1.3552241200000001,0.0,0.0
2026-01-10 17:15:00,0.9823367399999999,0.0,0.0
2026-01-10 17:30:00,0.9052264,0.0,0.0
2026-01-10 17:45:00,0.95267706,0.0,0.0
2026-01-10 18:00:00,6.9638422,0.0,0.0
2026-01-10 18:15:00,2.8858752,0.0,0.0
2026-01-10 18:30:00,1.0537627999999999,0.0,0.0
2026-01-10 18:45:00,0.9314591699999999,0.0,0.0
2026-01-10 19:00:00,0.95738104,0.0,0.0
2026-01-10 19:15:00,1.6268608,0.0,0.0
2026-01-10 19:30:00,0.93798896,0.0,0.0
2026-01-10 19:45:00,1.1732339999999999,0.0,0.0
2026-01-10 20:00:00,2.3928392,0.0,0.0
2026-01-10 20:15:00,0.8889135199999999,0.0,0.0
2026-01-10 20:30:00,1.0700061,0.0,0.0
2026-01-10 20:45:00,1.0348294599999999,0.0,0.0
2026-01-10 21:00:00,0.9259114399999999,0.0,0.0
2026-01-10 21:15:00,0.6963434,0.0,0.0
2026-01-10 21:30:00,0.80105206,0.0,0.0
2026-01-10 21:45:00,0.8757295,0.0,0.0
2026-01-10 22:00:00,0.94755884,0.0,0.0
2026-01-10 22:15:00,0.77372106,0.0,0.0
2026-01-10 22:30:00,0.73178204,0.0,0.0
2026-01-10 22:45:00,0.86757136,0.0,0.0
2026-01-10 23:00:00,0.8069820600000001,0.0,0.0
2026-01-10 23:15:00,0.7373679200000001,0.0,0.0
2026-01-10 23:30:00,0.7478515,0.0,0.0
2026-01-10 23:45:00,2.2803842,0.0,0.0
